AREA,AREA_TITLE,AREA_TYPE,PRIM_STATE,OCC_CODE,OCC_TITLE,TOT_EMP,EMP_PRSE,JOBS_1000,LOC_QUOTIENT,PCT_TOTAL,PCT_RPT,H_MEAN,A_MEAN,MEAN_PRSE,H_PCT10,H_PCT25,H_MEDIAN,H_PCT75,H_PCT90,A_PCT10,A_PCT25,A_MEDIAN,A_PCT75,A_PCT90,ANNUAL,HOURLY
10180,"Abilene, TX",4,TX,29-1141,Registered Nurses,"1,910",3.3,25.728,1.21,,,38.95,"81,010",1,29.14,34.55,37.44,45.63,47.64,"60,610","71,860","77,860","94,900","99,090",,
10380,"Aguadilla, PR",4,PR,29-1141,Registered Nurses,710,5.2,14.624,0.69,,,16.93,"35,210",1.1,12.9,15.29,15.43,17.62,24.26,"26,830","31,800","32,090","36,640","50,470",,
10420,"Akron, OH",4,OH,29-1141,Registered Nurses,"7,950",1.3,24.829,1.17,,,40.65,"84,540",0.4,31.52,36.73,39.19,45.75,47.73,"65,560","76,390","81,520","95,160","99,280",,
10500,"Albany, GA",4,GA,29-1141,Registered Nurses,"1,380",2.9,23.38,1.1,,,41.51,"86,350",0.8,31.31,32.51,41.61,48.97,52.54,"65,120","67,620","86,560","101,850","109,280",,
10540,"Albany, OR",4,OR,29-1141,Registered Nurses,580,2.7,12.715,0.6,,,55.62,"115,700",0.8,43.9,49.36,51.92,64.42,64.42,"91,320","102,670","108,000","133,980","133,980",,
10580,"Albany-Schenectady-Troy, NY",4,NY,29-1141,Registered Nurses,"10,020",1.6,22.623,1.06,,,46.63,"96,980",0.6,34.71,38.58,44.46,49.04,60.57,"72,190","80,240","92,470","102,010","125,980",,
10740,"Albuquerque, NM",4,NM,29-1141,Registered Nurses,"9,890",2.4,24.655,1.16,,,45.99,"95,660",0.6,38.32,40.07,43.07,50.35,58.1,"79,700","83,340","89,590","104,720","120,850",,
10780,"Alexandria, LA",4,LA,29-1141,Registered Nurses,"2,160",2.2,36.388,1.71,,,39.3,"81,740",0.7,28.84,31.48,37.86,43.99,50.68,"59,980","65,470","78,740","91,490","105,410",,
10900,"Allentown-Bethlehem-Easton, PA-NJ",4,PA,29-1141,Registered Nurses,"10,510",1.5,28.407,1.33,,,44.56,"92,680",1.6,37.22,38.69,46.69,49.47,57.5,"77,420","80,460","97,110","102,890","119,600",,
11020,"Altoona, PA",4,PA,29-1141,Registered Nurses,"1,560",2,26.898,1.26,,,40.3,"83,830",0.6,32.59,32.59,38.69,43.72,51.66,"67,790","67,790","80,460","90,940","107,450",,
11100,"Amarillo, TX",4,TX,29-1141,Registered Nurses,"2,830",2.8,23.132,1.09,,,42.11,"87,600",1,30.91,36.56,40.29,46.27,53.91,"64,300","76,040","83,810","96,240","112,130",,
11180,"Ames, IA",4,IA,29-1141,Registered Nurses,"1,100",2.5,19.521,0.92,,,36.89,"76,730",0.6,30.14,32.74,35.06,42.73,44.25,"62,680","68,100","72,920","88,880","92,040",,
11200,"Amherst Town-Northampton, MA",4,MA,29-1141,Registered Nurses,"1,360",4.8,19.399,0.91,,,48.15,"100,160",1.3,33.45,39.52,47.97,57.75,60.3,"69,580","82,190","99,780","120,120","125,420",,
11260,"Anchorage, AK",4,AK,29-1141,Registered Nurses,"4,570",1.8,26.156,1.23,,,54.49,"113,350",0.4,39.62,44.96,53.22,62.61,66.06,"82,410","93,510","110,690","130,230","137,400",,
11460,"Ann Arbor, MI",4,MI,29-1141,Registered Nurses,"12,030",0.5,55.249,2.6,,,46.65,"97,030",1.1,38.64,40.3,45.22,48.05,61.16,"80,360","83,830","94,050","99,930","127,200",,
11500,"Anniston-Oxford, AL",4,AL,29-1141,Registered Nurses,"1,050",2.3,24.267,1.14,,,34.01,"70,740",0.9,22.93,31.1,33.04,37.96,40.04,"47,700","64,690","68,720","78,950","83,270",,
11540,"Appleton, WI",4,WI,29-1141,Registered Nurses,"2,040",2.4,16.431,0.77,,,41.37,"86,050",0.6,33.49,37.77,39.35,47.43,50.58,"69,650","78,560","81,850","98,650","105,210",,
11640,"Arecibo, PR",4,PR,29-1141,Registered Nurses,"1,030",5.3,29.358,1.38,,,17.15,"35,670",2.2,11.61,15.34,16.47,17.96,23.18,"24,150","31,920","34,250","37,360","48,220",,
11700,"Asheville, NC",4,NC,29-1141,Registered Nurses,"4,760",1.8,25.391,1.19,,,41.06,"85,410",0.6,30.18,36.48,38.81,46.36,53.3,"62,770","75,870","80,720","96,430","110,860",,
12020,"Athens-Clarke County, GA",4,GA,29-1141,Registered Nurses,"2,180",1.6,22.845,1.07,,,40.42,"84,070",0.3,32.12,36.61,38.43,46.93,46.93,"66,820","76,150","79,940","97,620","97,620",,
12060,"Atlanta-Sandy Springs-Roswell, GA",4,GA,29-1141,Registered Nurses,"54,370",2,18.931,0.89,,,46.46,"96,640",0.5,33.22,38.32,46.33,51.71,62.19,"69,100","79,700","96,370","107,550","129,340",,
12100,"Atlantic City-Hammonton, NJ",4,NJ,29-1141,Registered Nurses,"3,500",2.4,20.971,0.99,,,46.42,"96,560",0.4,37.9,40.97,47.92,51.99,56.61,"78,820","85,220","99,680","108,140","117,750",,
12220,"Auburn-Opelika, AL",4,AL,29-1141,Registered Nurses,"1,350",2.6,18.843,0.89,,,40.49,"84,220",0.6,30.43,31.8,37.37,40.25,62.11,"63,300","66,140","77,720","83,730","129,190",,
12260,"Augusta-Richmond County, GA-SC",4,GA,29-1141,Registered Nurses,"7,010",1.4,30.509,1.43,,,42.15,"87,660",0.7,31.01,35.2,40.45,46.51,55.31,"64,500","73,210","84,130","96,740","115,030",,
12420,"Austin-Round Rock-San Marcos, TX",4,TX,29-1141,Registered Nurses,"18,420",1.8,14.617,0.69,,,44.74,"93,060",0.7,30.87,37.57,45.63,49.44,59.05,"64,210","78,150","94,900","102,840","122,820",,
12540,"Bakersfield-Delano, CA",4,CA,29-1141,Registered Nurses,"5,410",1.5,16.152,0.76,,,62.99,"131,030",0.7,44.87,50.5,61.3,75.17,87.34,"93,340","105,040","127,510","156,360","181,660",,
12580,"Baltimore-Columbia-Towson, MD",4,MD,29-1141,Registered Nurses,"29,030",1.7,21.655,1.02,,,46.7,"97,130",0.5,36.45,39.25,46.7,51.17,58.88,"75,810","81,630","97,140","106,430","122,470",,
12620,"Bangor, ME",4,ME,29-1141,Registered Nurses,"2,130",2.7,29.717,1.4,,,41.97,"87,300",1,33.29,37.74,41.76,47.27,50.25,"69,240","78,500","86,860","98,320","104,520",,
12700,"Barnstable Town, MA",4,MA,29-1141,Registered Nurses,"1,910",3.9,20.44,0.96,,,51.01,"106,110",0.9,36.39,38.67,47.68,63.94,72.1,"75,680","80,430","99,170","132,990","149,980",,
12940,"Baton Rouge, LA",4,LA,29-1141,Registered Nurses,"7,930",1.9,19.675,0.92,,,38.68,"80,450",0.6,30.51,30.99,37.6,39.69,47.84,"63,450","64,460","78,210","82,550","99,520",,
12980,"Battle Creek, MI",4,MI,29-1141,Registered Nurses,"1,320",1.4,24.528,1.15,,,45.59,"94,830",0.3,36.37,38.41,46.04,49.5,58.64,"75,650","79,880","95,750","102,960","121,960",,
13020,"Bay City, MI",4,MI,29-1141,Registered Nurses,840,4.1,25.175,1.18,,,42.99,"89,410",1.1,31.5,37.2,42.15,50.71,50.71,"65,510","77,370","87,670","105,490","105,490",,
13140,"Beaumont-Port Arthur, TX",4,TX,29-1141,Registered Nurses,"2,880",2.3,18.105,0.85,,,40.66,"84,570",0.9,29.65,32.22,39.03,46.39,50.92,"61,670","67,020","81,190","96,480","105,920",,
13220,"Beckley, WV",4,WV,29-1141,Registered Nurses,"1,290",2.7,30.25,1.42,,,36.91,"76,780",1.1,19.5,30.04,37.95,42.36,49.67,"40,560","62,470","78,930","88,100","103,310",,
13380,"Bellingham, WA",4,WA,29-1141,Registered Nurses,"1,670",1.5,18.345,0.86,,,53.17,"110,580",0.8,40.54,46.71,48.84,59.13,71.81,"84,310","97,160","101,580","122,990","149,370",,
13460,"Bend, OR",4,OR,29-1141,Registered Nurses,"2,290",1.7,21.333,1,,,59.28,"123,300",0.5,44.54,51.59,62.57,62.57,73.47,"92,650","107,320","130,150","130,150","152,820",,
13740,"Billings, MT",4,MT,29-1141,Registered Nurses,"2,520",1.6,26.843,1.26,,,43.06,"89,560",0.3,32.56,38.13,41.15,48.16,52.62,"67,720","79,320","85,580","100,160","109,450",,
13780,"Binghamton, NY",4,NY,29-1141,Registered Nurses,"2,540",1.1,26.409,1.24,,,45.38,"94,390",0.6,34.5,39.39,47.32,48.57,59.96,"71,770","81,930","98,420","101,020","124,710",,
13820,"Birmingham, AL",4,AL,29-1141,Registered Nurses,"18,330",3.1,35.391,1.66,,,37.59,"78,180",0.6,29.36,30.84,36.55,39.6,49.27,"61,080","64,140","76,020","82,370","102,480",,
13900,"Bismarck, ND",4,ND,29-1141,Registered Nurses,"2,380",2.9,33.884,1.59,,,38.28,"79,620",1,32.09,32.09,37.52,38.53,47.5,"66,750","66,750","78,040","80,140","98,810",,
13980,"Blacksburg-Christiansburg-Radford, VA",4,VA,29-1141,Registered Nurses,"1,190",2.1,15.943,0.75,,,37.96,"78,970",0.6,30.18,33.74,39.15,40.54,46.71,"62,760","70,180","81,430","84,320","97,150",,
14010,"Bloomington, IL",4,IL,29-1141,Registered Nurses,"1,590",1.4,17.687,0.83,,,39.09,"81,310",0.6,29.08,34.47,38.49,46.95,49.8,"60,490","71,690","80,060","97,660","103,590",,
14020,"Bloomington, IN",4,IN,29-1141,Registered Nurses,"1,460",1.8,19.953,0.94,,,40.39,"84,000",1.7,30.32,36.55,37.66,46.9,48.25,"63,060","76,010","78,320","97,540","100,360",,
14260,"Boise City, ID",4,ID,29-1141,Registered Nurses,"6,970",2.3,18.022,0.85,,,44.68,"92,930",0.9,34.4,38.06,45.11,48.45,59.52,"71,560","79,170","93,830","100,770","123,800",,
14460,"Boston-Cambridge-Newton, MA-NH",4,MA,29-1141,Registered Nurses,"66,440",1.6,24.537,1.15,,,55.63,"115,710",0.6,37.46,40.48,49.25,65.94,85.16,"77,910","84,200","102,440","137,160","177,130",,
14500,"Boulder, CO",4,CO,29-1141,Registered Nurses,"3,140",2.3,16.039,0.75,,,48.99,"101,900",1.2,32.25,40.76,47.85,50.96,62.35,"67,080","84,770","99,530","105,990","129,680",,
14540,"Bowling Green, KY",4,KY,29-1141,Registered Nurses,"1,640",2.5,20.428,0.96,,,38.26,"79,570",0.7,30.38,32.63,36.84,40.8,46.54,"63,180","67,870","76,620","84,850","96,810",,
14580,"Bozeman, MT",4,MT,29-1141,Registered Nurses,980,2.6,13.661,0.64,,,45.55,"94,750",0.9,37.38,40.23,41.35,49.61,57.32,"77,750","83,670","86,000","103,180","119,220",,
14740,"Bremerton-Silverdale-Port Orchard, WA",4,WA,29-1141,Registered Nurses,"1,290",2.2,13.824,0.65,,,53.11,"110,460",1,40.57,46.75,48.65,59.87,73.39,"84,390","97,240","101,180","124,520","152,660",,
14860,"Bridgeport-Stamford-Danbury, CT",4,CT,29-1141,Registered Nurses,"8,480",2.4,21.084,0.99,,,52.39,"108,960",0.6,38.75,44.12,50.97,59.11,66.85,"80,600","91,780","106,020","122,940","139,040",,
15180,"Brownsville-Harlingen, TX",4,TX,29-1141,Registered Nurses,"3,030",2.8,19.252,0.9,,,37.73,"78,490",1.1,25.02,30.83,36.45,43.65,47.04,"52,030","64,120","75,810","90,790","97,850",,
15260,"Brunswick-St. Simons, GA",4,GA,29-1141,Registered Nurses,990,2.1,21.381,1,,,38.67,"80,430",0.4,32.72,32.72,40.72,40.72,45.7,"68,050","68,050","84,690","84,690","95,060",,
15380,"Buffalo-Cheektowaga, NY",4,NY,29-1141,Registered Nurses,"13,870",1.5,26.07,1.22,,,46.51,"96,740",0.5,36.14,40.56,45.86,51.11,55.45,"75,160","84,360","95,380","106,300","115,340",,
15500,"Burlington, NC",4,NC,29-1141,Registered Nurses,"1,070",2.9,15.687,0.74,,,41.12,"85,540",0.8,31.53,37.06,41.88,44.84,49.39,"65,580","77,080","87,110","93,260","102,740",,
15540,"Burlington-South Burlington, VT",4,VT,29-1141,Registered Nurses,"3,060",2.8,25.205,1.18,,,45.89,"95,450",0.6,37.09,40.7,40.7,54.07,57.83,"77,150","84,660","84,660","112,460","120,280",,
15940,"Canton-Massillon, OH",4,OH,29-1141,Registered Nurses,"4,100",1.3,24.83,1.17,,,38.83,"80,770",0.6,30.04,36.25,37.33,45.59,46.61,"62,490","75,400","77,650","94,820","96,950",,
15980,"Cape Coral-Fort Myers, FL",4,FL,29-1141,Registered Nurses,"6,560",2,21.837,1.03,,,41.84,"87,020",1.8,32.19,39.27,41.39,43.42,51.07,"66,960","81,680","86,090","90,310","106,230",,
16020,"Cape Girardeau, MO-IL",4,MO,29-1141,Registered Nurses,"1,520",1.5,34.036,1.6,,,40.08,"83,370",0.5,29.06,31.35,38.22,43.2,48.48,"60,440","65,210","79,490","89,860","100,840",,
16180,"Carson City, NV",4,NV,29-1141,Registered Nurses,730,2.3,23.57,1.11,,,48.01,"99,870",0.9,39.44,43.14,47.88,52.03,56.81,"82,040","89,740","99,600","108,230","118,150",,
16220,"Casper, WY",4,WY,29-1141,Registered Nurses,870,3.2,21.835,1.03,,,39.82,"82,830",0.8,31.2,36.77,38.89,46.67,48.52,"64,890","76,490","80,890","97,080","100,910",,
16300,"Cedar Rapids, IA",4,IA,29-1141,Registered Nurses,"2,690",1.8,19.352,0.91,,,37.78,"78,580",0.8,28.99,32.06,36.81,41.61,48.03,"60,290","66,680","76,560","86,540","99,910",,
16540,"Chambersburg, PA",4,PA,29-1141,Registered Nurses,"1,000",2.5,17.341,0.81,,,44.97,"93,530",1.1,32.94,38.37,43.57,52.33,55.15,"68,510","79,800","90,620","108,840","114,700",,
16580,"Champaign-Urbana, IL",4,IL,29-1141,Registered Nurses,"3,740",0.6,35.702,1.68,,,41.53,"86,380",0.7,31.47,36.41,39.4,46.11,48.36,"65,460","75,730","81,960","95,920","100,580",,
16620,"Charleston, WV",4,WV,29-1141,Registered Nurses,"4,060",1.9,38.034,1.79,,,38.7,"80,490",0.6,21.57,32.27,39,44.66,52.21,"44,870","67,130","81,130","92,900","108,600",,
16700,"Charleston-North Charleston, SC",4,SC,29-1141,Registered Nurses,"9,560",1.7,24.623,1.16,,,42.57,"88,540",1.1,33.85,37.53,38.76,46.95,48.41,"70,410","78,050","80,620","97,660","100,700",,
16740,"Charlotte-Concord-Gastonia, NC-SC",4,NC,29-1141,Registered Nurses,"25,440",1.4,18.977,0.89,,,42.86,"89,150",0.5,32.28,37.96,40.76,49.12,51.58,"67,140","78,960","84,780","102,170","107,280",,
16820,"Charlottesville, VA",4,VA,29-1141,Registered Nurses,"2,850",1.5,25.293,1.19,,,45.48,"94,600",0.6,31.92,39.73,45.76,50.23,65.75,"66,390","82,640","95,180","104,480","136,770",,
16860,"Chattanooga, TN-GA",4,TN,29-1141,Registered Nurses,"5,940",1.3,22.064,1.04,,,38.82,"80,740",1,29.39,31.87,36.96,39.2,47.8,"61,140","66,290","76,870","81,540","99,420",,
16940,"Cheyenne, WY",4,WY,29-1141,Registered Nurses,"1,040",3.4,21.944,1.03,,,47.34,"98,480",0.8,31.68,38.75,48.01,51.31,63.01,"65,880","80,610","99,860","106,720","131,060",,
16980,"Chicago-Naperville-Elgin, IL-IN",4,IL,29-1141,Registered Nurses,"100,620",1.5,22.49,1.06,,,45.47,"94,580",0.3,34.65,39.1,46.38,50.35,56.77,"72,070","81,320","96,480","104,730","118,080",,
17020,"Chico, CA",4,CA,29-1141,Registered Nurses,"2,490",1,31.837,1.5,,,64.36,"133,870",0.5,47.77,54.66,68.14,75.5,78.23,"99,360","113,680","141,720","157,040","162,720",,
17140,"Cincinnati, OH-KY-IN",4,OH,29-1141,Registered Nurses,"27,870",1.6,25.514,1.2,,,41.93,"87,210",0.6,32.95,37.41,39.32,48.06,49.76,"68,540","77,800","81,790","99,960","103,510",,
17300,"Clarksville, TN-KY",4,TN,29-1141,Registered Nurses,"1,610",2.9,15.965,0.75,,,37.88,"78,780",0.8,27.76,31.73,37.47,42.11,47.55,"57,730","66,000","77,930","87,600","98,900",,
17410,"Cleveland, OH",4,OH,29-1141,Registered Nurses,"28,100",1.2,27.104,1.27,,,43.24,"89,950",0.3,36.02,38.14,39.41,47.82,50.16,"74,920","79,340","81,970","99,470","104,330",,
17420,"Cleveland, TN",4,TN,29-1141,Registered Nurses,560,5.2,12.604,0.59,,,39.23,"81,590",1.4,27.39,32.21,36.65,41.83,43.72,"56,960","66,990","76,230","87,010","90,940",,
17660,"Coeur d'Alene, ID",4,ID,29-1141,Registered Nurses,"1,620",2.4,22.58,1.06,,,44.79,"93,170",0.7,34.71,39.02,45.61,48.37,60.67,"72,200","81,160","94,870","100,600","126,200",,
17780,"College Station-Bryan, TX",4,TX,29-1141,Registered Nurses,"2,660",2.5,20.097,0.94,,,40.15,"83,520",1,30.98,37.11,38.11,45.61,46.96,"64,440","77,180","79,270","94,860","97,690",,
17820,"Colorado Springs, CO",4,CO,29-1141,Registered Nurses,"7,290",2,22.862,1.07,,,43.72,"90,930",0.7,35.38,38.19,42.89,47.79,51.95,"73,590","79,440","89,210","99,410","108,060",,
17860,"Columbia, MO",4,MO,29-1141,Registered Nurses,"3,640",1.6,34.411,1.62,,,39.72,"82,620",0.7,28.65,31.98,39.12,45.03,49.33,"59,600","66,510","81,370","93,670","102,610",,
17900,"Columbia, SC",4,SC,29-1141,Registered Nurses,"9,800",1.4,25.402,1.19,,,40.8,"84,870",0.5,31.2,36.28,38.51,46.22,50.19,"64,890","75,460","80,100","96,140","104,390",,
17980,"Columbus, GA-AL",4,GA,29-1141,Registered Nurses,"2,680",1.3,23.045,1.08,,,37.74,"78,500",0.5,30.1,30.82,38.15,42.58,46.65,"62,620","64,110","79,360","88,570","97,030",,
18020,"Columbus, IN",4,IN,29-1141,Registered Nurses,710,3.5,14.025,0.66,,,37.12,"77,210",1.8,29.15,29.35,36.62,38.12,45.86,"60,620","61,050","76,160","79,280","95,390",,
18140,"Columbus, OH",4,OH,29-1141,Registered Nurses,"26,790",1.6,24.688,1.16,,,42.87,"89,170",0.7,35.19,38.54,39.67,48.61,50.08,"73,180","80,170","82,520","101,110","104,170",,
18580,"Corpus Christi, TX",4,TX,29-1141,Registered Nurses,"4,240",1.8,22.605,1.06,,,39.9,"82,990",0.5,30.28,34.47,38.87,46.01,47.66,"62,980","71,690","80,850","95,710","99,130",,
18700,"Corvallis, OR",4,OR,29-1141,Registered Nurses,920,1.4,23.741,1.12,,,55.45,"115,340",0.3,45.67,49.07,55.05,60.82,64.67,"95,000","102,070","114,500","126,510","134,520",,
18880,"Crestview-Fort Walton Beach-Destin, FL",4,FL,29-1141,Registered Nurses,"2,010",3.9,16.097,0.76,,,41.08,"85,440",1.1,30.32,36.79,39.07,46.15,48.74,"63,070","76,530","81,270","96,000","101,390",,
19100,"Dallas-Fort Worth-Arlington, TX",4,TX,29-1141,Registered Nurses,"72,640",2.1,18.142,0.85,,,46.5,"96,720",0.9,32.41,38.06,47.47,51.37,59.04,"67,400","79,170","98,740","106,850","122,800",,
19140,"Dalton, GA",4,GA,29-1141,Registered Nurses,"1,190",3.2,17.873,0.84,,,40.54,"84,320",0.9,30.67,32.25,38.52,48.04,48.07,"63,790","67,090","80,120","99,910","99,980",,
19300,"Daphne-Fairhope-Foley, AL",4,AL,29-1141,Registered Nurses,"1,790",2.1,21.231,1,,,35.17,"73,150",1,24.26,30.57,37.1,38.35,44.53,"50,470","63,580","77,160","79,760","92,620",,
19340,"Davenport-Moline-Rock Island, IA-IL",4,IA,29-1141,Registered Nurses,"3,810",1.6,21.151,0.99,,,36.47,"75,870",0.7,29.18,31.34,36.82,39.87,47.03,"60,680","65,190","76,590","82,940","97,820",,
19430,"Dayton-Kettering-Beavercreek, OH",4,OH,29-1141,Registered Nurses,"11,160",1.7,29.887,1.4,,,42.14,"87,650",0.5,32.23,37,38.94,46.45,49.68,"67,030","76,960","80,990","96,620","103,340",,
19460,"Decatur, AL",4,AL,29-1141,Registered Nurses,760,2.8,12.894,0.61,,,33.19,"69,030",1.3,24.1,27.99,32.22,38.29,40.97,"50,120","58,220","67,010","79,640","85,230",,
19500,"Decatur, IL",4,IL,29-1141,Registered Nurses,800,4.6,17.689,0.83,,,39.6,"82,360",0.5,31.72,37,40.44,41.47,48.68,"65,980","76,950","84,120","86,260","101,260",,
19660,"Deltona-Daytona Beach-Ormond Beach, FL",4,FL,29-1141,Registered Nurses,"6,220",1.6,28.529,1.34,,,42.28,"87,940",0.5,32.9,36.67,39.49,46.41,57.32,"68,420","76,270","82,140","96,530","119,220",,
19740,"Denver-Aurora-Centennial, CO",4,CO,29-1141,Registered Nurses,"29,570",1.8,18.271,0.86,,,46.57,"96,860",0.5,37.12,39.32,47.36,50.92,59.71,"77,210","81,790","98,500","105,920","124,200",,
19780,"Des Moines-West Des Moines, IA",4,IA,29-1141,Registered Nurses,"7,800",2.4,19.245,0.9,,,38.3,"79,650",0.5,30.93,32.78,37.97,41.4,47.17,"64,340","68,170","78,970","86,110","98,110",,
19820,"Detroit-Warren-Dearborn, MI",4,MI,29-1141,Registered Nurses,"44,280",1.3,23.192,1.09,,,44.56,"92,680",0.4,34.84,39.01,42.78,48.98,53.46,"72,470","81,140","88,980","101,880","111,200",,
20020,"Dothan, AL",4,AL,29-1141,Registered Nurses,"1,970",2.4,32.646,1.53,,,32.46,"67,520",0.6,24.23,26.33,31.28,38.21,41.41,"50,390","54,770","65,070","79,470","86,140",,
20100,"Dover, DE",4,DE,29-1141,Registered Nurses,"1,330",4.4,19.403,0.91,,,43.6,"90,700",1.3,31.9,36.98,41.48,50.31,58.54,"66,350","76,910","86,280","104,650","121,760",,
20220,"Dubuque, IA",4,IA,29-1141,Registered Nurses,"1,280",1.7,21.641,1.02,,,35.63,"74,110",0.7,29.9,31.31,34.01,40,41.11,"62,190","65,130","70,740","83,200","85,510",,
20260,"Duluth, MN-WI",4,MN,29-1141,Registered Nurses,"4,140",1.1,33.27,1.56,,,41.33,"85,970",0.5,32.41,36.94,40.03,47.29,51.2,"67,400","76,840","83,270","98,360","106,490",,
20500,"Durham-Chapel Hill, NC",4,NC,29-1141,Registered Nurses,"13,600",0.6,39.716,1.87,,,*,*,*,*,*,*,*,*,*,*,*,*,*,,
20580,"Eagle Pass, TX",4,TX,29-1141,Registered Nurses,270,7,14.76,0.69,,,39.28,"81,710",1.5,29.95,32.3,35.53,41.04,47.29,"62,300","67,190","73,890","85,370","98,350",,
20740,"Eau Claire, WI",4,WI,29-1141,Registered Nurses,"2,410",1.6,28.281,1.33,,,42.06,"87,470",0.6,36.3,37.02,39.14,46.49,50.16,"75,510","77,010","81,420","96,700","104,330",,
20940,"El Centro, CA",4,CA,29-1141,Registered Nurses,610,2,9.643,0.45,,,55.85,"116,160",0.7,40.05,48.65,57.01,63.59,72.76,"83,300","101,200","118,580","132,270","151,340",,
21060,"Elizabethtown, KY",4,KY,29-1141,Registered Nurses,860,3.2,16.715,0.79,,,39.55,"82,250",1.3,30.67,35.02,38.05,44.02,48.3,"63,790","72,840","79,140","91,560","100,460",,
21140,"Elkhart-Goshen, IN",4,IN,29-1141,Registered Nurses,"1,660",1.9,12.91,0.61,,,43.59,"90,670",0.7,30.09,37.68,39.16,49.25,65.53,"62,580","78,370","81,450","102,440","136,300",,
21300,"Elmira, NY",4,NY,29-1141,Registered Nurses,670,3.6,20.018,0.94,,,40.43,"84,090",3,31.13,38.08,38.46,42.56,45.71,"64,760","79,210","79,990","88,520","95,080",,
21340,"El Paso, TX",4,TX,29-1141,Registered Nurses,"6,980",2.1,20.992,0.99,,,42.08,"87,520",0.6,30.07,35.67,39.13,47.9,57.23,"62,550","74,190","81,380","99,640","119,040",,
21420,"Enid, OK",4,OK,29-1141,Registered Nurses,730,13.7,31.019,1.46,,,36.96,"76,870",2.7,27.71,30.91,36.1,40.84,46.49,"57,630","64,280","75,090","84,950","96,710",,
21500,"Erie, PA",4,PA,29-1141,Registered Nurses,"3,030",1.9,25.352,1.19,,,39.72,"82,620",1.4,30.76,33.33,37.48,43.9,49.93,"63,970","69,320","77,950","91,310","103,850",,
21660,"Eugene-Springfield, OR",4,OR,29-1141,Registered Nurses,"3,390",1.7,21.537,1.01,,,54.25,"112,850",0.5,43.51,48.49,51.22,63.16,64.47,"90,490","100,870","106,530","131,370","134,090",,
21780,"Evansville, IN",4,IN,29-1141,Registered Nurses,"4,270",1.9,31.606,1.48,,,38.74,"80,580",0.9,28.6,35.63,38,46.33,48.11,"59,490","74,120","79,040","96,370","100,080",,
21820,"Fairbanks-College, AK",4,AK,29-1141,Registered Nurses,720,5.4,19.967,0.94,,,52.22,"108,610",0.8,38.8,45.25,49.36,58.85,60.22,"80,700","94,130","102,660","122,410","125,260",,
22020,"Fargo, ND-MN",4,ND,29-1141,Registered Nurses,"4,970",3.1,33.676,1.58,,,39.76,"82,690",1.3,32.2,32.81,37.98,43.6,48.77,"66,970","68,230","78,990","90,690","101,440",,
22140,"Farmington, NM",4,NM,29-1141,Registered Nurses,780,2.7,16.847,0.79,,,41.64,"86,600",0.8,30.42,36.45,39.2,46.15,54.75,"63,280","75,810","81,530","95,990","113,880",,
22180,"Fayetteville, NC",4,NC,29-1141,Registered Nurses,"3,350",1.9,25.245,1.19,,,43.2,"89,860",0.8,29.78,36.39,39.07,48.88,57.32,"61,940","75,690","81,260","101,670","119,230",,
22220,"Fayetteville-Springdale-Rogers, AR",4,AR,29-1141,Registered Nurses,"4,400",2.6,16.491,0.77,,,39.4,"81,950",0.5,29.57,34.09,39.5,43.67,50.94,"61,500","70,910","82,170","90,830","105,950",,
22380,"Flagstaff, AZ",4,AZ,29-1141,Registered Nurses,"1,500",1.6,22.773,1.07,,,*,*,*,*,*,*,*,*,*,*,*,*,*,,
22420,"Flint, MI",4,MI,29-1141,Registered Nurses,"3,910",1.3,29.226,1.37,,,43.13,"89,720",0.6,31.33,38.92,42.18,48.86,51.97,"65,160","80,950","87,720","101,620","108,090",,
22500,"Florence, SC",4,SC,29-1141,Registered Nurses,"3,060",1.3,34.035,1.6,,,46.56,"96,840",0.7,30.75,31.14,38.57,53.39,79.62,"63,950","64,780","80,220","111,060","165,610",,
22520,"Florence-Muscle Shoals, AL",4,AL,29-1141,Registered Nurses,"1,340",2.5,24.075,1.13,,,33.1,"68,850",0.6,24.42,28.94,30.95,37.8,41.46,"50,790","60,200","64,370","78,620","86,240",,
22540,"Fond du Lac, WI",4,WI,29-1141,Registered Nurses,890,2.8,19.801,0.93,,,41.55,"86,420",0.9,35.65,37.65,38.64,46.89,47.11,"74,140","78,320","80,360","97,530","97,980",,
22660,"Fort Collins-Loveland, CO",4,CO,29-1141,Registered Nurses,"4,470",1.2,25.446,1.2,,,45.55,"94,740",0.4,38.28,40.5,46.44,50.18,50.18,"79,630","84,250","96,600","104,370","104,370",,
22900,"Fort Smith, AR-OK",4,AR,29-1141,Registered Nurses,"2,110",2.1,21.913,1.03,,,35.66,"74,180",0.6,26.79,31.11,37.02,39,45.65,"55,730","64,720","77,000","81,110","94,960",,
23060,"Fort Wayne, IN",4,IN,29-1141,Registered Nurses,"6,450",1.3,28.802,1.35,,,39.85,"82,880",1.2,30.66,36.08,37.35,46.53,46.99,"63,780","75,050","77,690","96,780","97,740",,
23420,"Fresno, CA",4,CA,29-1141,Registered Nurses,"10,440",0.9,22.193,1.04,,,62.37,"129,730",0.4,41.88,49.42,60.88,67.96,94.37,"87,110","102,780","126,630","141,350","196,280",,
23460,"Gadsden, AL",4,AL,29-1141,Registered Nurses,"1,210",2.5,36.723,1.73,,,33.47,"69,620",0.8,22.69,27.98,35.59,37.8,42.68,"47,190","58,200","74,020","78,630","88,770",,
23540,"Gainesville, FL",4,FL,29-1141,Registered Nurses,"7,000",0.8,46.233,2.17,,,42.66,"88,740",0.3,34.97,34.97,40.72,49.49,52.5,"72,740","72,740","84,710","102,930","109,200",,
23900,"Gettysburg, PA",4,PA,29-1141,Registered Nurses,450,5.6,14.113,0.66,,,40.47,"84,180",0.8,32.35,37.67,38.71,45.76,47.51,"67,290","78,360","80,510","95,180","98,820",,
24020,"Glens Falls, NY",4,NY,29-1141,Registered Nurses,"1,000",2.4,19.929,0.94,,,44.82,"93,220",1.2,31.44,39.04,48.9,50.46,57.68,"65,390","81,200","101,710","104,960","119,970",,
24140,"Goldsboro, NC",4,NC,29-1141,Registered Nurses,"1,020",4.6,24.984,1.17,,,40.48,"84,190",0.8,32.02,33.34,38.42,47.68,48.55,"66,600","69,340","79,910","99,180","100,980",,
24220,"Grand Forks, ND-MN",4,ND,29-1141,Registered Nurses,"1,250",2.4,24.327,1.14,,,38.29,"79,630",1.1,31.26,31.62,36.8,40.46,46.45,"65,030","65,770","76,550","84,150","96,620",,
24260,"Grand Island, NE",4,NE,29-1141,Registered Nurses,830,3.2,20.887,0.98,,,39.28,"81,710",0.9,29.02,35.88,38.43,42.47,49.19,"60,350","74,630","79,940","88,340","102,320",,
24300,"Grand Junction, CO",4,CO,29-1141,Registered Nurses,"1,840",2.3,27.568,1.3,,,45.52,"94,670",0.4,37.91,37.96,44.36,49.26,57.24,"78,840","78,970","92,280","102,450","119,060",,
24340,"Grand Rapids-Wyoming-Kentwood, MI",4,MI,29-1141,Registered Nurses,"13,600",0.9,24.232,1.14,,,41.29,"85,880",0.4,33.56,38.48,38.9,46.83,48.06,"69,800","80,030","80,900","97,410","99,970",,
24420,"Grants Pass, OR",4,OR,29-1141,Registered Nurses,530,4.8,16.997,0.8,,,53.93,"112,170",0.9,42.61,49.41,49.61,62.18,62.18,"88,630","102,780","103,180","129,340","129,340",,
24500,"Great Falls, MT",4,MT,29-1141,Registered Nurses,"1,000",2.4,27.175,1.28,,,38.66,"80,400",0.6,31.65,35.97,36.29,45.54,47.66,"65,830","74,830","75,470","94,710","99,140",,
24540,"Greeley, CO",4,CO,29-1141,Registered Nurses,"1,020",3.5,8.865,0.42,,,45.16,"93,940",0.6,35.4,41.12,42.57,51.96,51.96,"73,630","85,540","88,550","108,070","108,070",,
24580,"Green Bay, WI",4,WI,29-1141,Registered Nurses,"4,740",1.6,27.726,1.3,,,41.77,"86,880",0.8,35.99,37.05,38.24,47.35,48.38,"74,860","77,060","79,550","98,480","100,630",,
24660,"Greensboro-High Point, NC",4,NC,29-1141,Registered Nurses,"6,000",2.7,16.731,0.79,,,41.93,"87,200",0.9,32.53,35,40.48,49.54,50.66,"67,660","72,790","84,200","103,050","105,380",,
24780,"Greenville, NC",4,NC,29-1141,Registered Nurses,"3,830",1.1,47.032,2.21,,,43.24,"89,940",0.5,31.31,37.85,38.88,46.24,71.55,"65,110","78,730","80,870","96,180","148,810",,
24860,"Greenville-Anderson-Greer, SC",4,SC,29-1141,Registered Nurses,"9,460",1.8,22.11,1.04,,,39.95,"83,100",0.5,31.74,36.32,38.26,44.95,47.26,"66,020","75,550","79,580","93,500","98,290",,
25020,"Guayama, PR",4,PR,29-1141,Registered Nurses,180,7.4,15.245,0.72,,,19.04,"39,610",2,13.55,16.1,17.89,21.87,26.59,"28,190","33,480","37,220","45,490","55,310",,
25060,"Gulfport-Biloxi, MS",4,MS,29-1141,Registered Nurses,"3,980",1.1,25.13,1.18,,,39.93,"83,050",0.4,30.33,31.3,36.05,43.15,53.81,"63,090","65,100","74,970","89,750","111,920",,
25180,"Hagerstown-Martinsburg, MD-WV",4,MD,29-1141,Registered Nurses,"2,180",1.3,20.542,0.97,,,44.31,"92,170",0.5,33.59,37.95,43.93,48.46,56.41,"69,880","78,940","91,370","100,810","117,330",,
25220,"Hammond, LA",4,LA,29-1141,Registered Nurses,"1,270",2.4,26.722,1.26,,,38.14,"79,340",0.7,30.58,33.47,36.16,41.07,49.7,"63,610","69,620","75,210","85,430","103,370",,
25260,"Hanford-Corcoran, CA",4,CA,29-1141,Registered Nurses,810,2.8,17.249,0.81,,,66.43,"138,180",1.2,50.12,54.3,62.86,78.54,93.35,"104,260","112,930","130,740","163,350","194,160",,
25420,"Harrisburg-Carlisle, PA",4,PA,29-1141,Registered Nurses,"8,950",1.5,27.052,1.27,,,43.47,"90,420",1,36.52,36.8,41.1,49.21,51.41,"75,960","76,530","85,500","102,350","106,930",,
25500,"Harrisonburg, VA",4,VA,29-1141,Registered Nurses,"1,030",1.8,15.788,0.74,,,*,*,*,*,*,*,*,*,*,*,*,*,*,,
25540,"Hartford-West Hartford-East Hartford, CT",4,CT,29-1141,Registered Nurses,"13,850",2.3,23.364,1.1,,,48.64,"101,180",1.3,37.45,40.88,48.66,50.62,59.79,"77,890","85,020","101,210","105,280","124,360",,
25620,"Hattiesburg, MS",4,MS,29-1141,Registered Nurses,"2,140",2.8,34.262,1.61,,,37.07,"77,110",0.6,27.62,30.1,31.23,38.86,44.67,"57,450","62,620","64,960","80,820","92,910",,
25740,"Helena, MT",4,MT,29-1141,Registered Nurses,870,2,19.954,0.94,,,46.2,"96,090",0.8,33.78,37.38,42.13,49.91,59.76,"70,250","77,740","87,630","103,800","124,300",,
25860,"Hickory-Lenoir-Morganton, NC",4,NC,29-1141,Registered Nurses,"2,950",2.1,19.025,0.89,,,38.31,"79,680",0.6,30.26,32.54,37.35,40.93,46.81,"62,950","67,690","77,680","85,130","97,360",,
25940,"Hilton Head Island-Bluffton-Port Royal, SC",4,SC,29-1141,Registered Nurses,"1,420",2.8,17.407,0.82,,,38.23,"79,510",0.8,30.07,31.84,37.73,42.05,45.41,"62,540","66,240","78,480","87,460","94,450",,
25980,"Hinesville, GA",4,GA,29-1141,Registered Nurses,270,1.9,13.286,0.62,,,40.82,"84,910",0.7,32.46,39.19,39.3,43.55,48.09,"67,510","81,510","81,730","90,580","100,030",,
26140,"Homosassa Springs, FL",4,FL,29-1141,Registered Nurses,870,3,24.882,1.17,,,38.76,"80,620",1,28.72,33.95,36.34,45.18,52.72,"59,740","70,610","75,580","93,980","109,660",,
26300,"Hot Springs, AR",4,AR,29-1141,Registered Nurses,"1,060",3.6,28,1.32,,,35.62,"74,090",0.9,28.71,30.51,36.99,38.08,46.37,"59,710","63,460","76,930","79,210","96,440",,
26380,"Houma-Bayou Cane-Thibodaux, LA",4,LA,29-1141,Registered Nurses,"1,380",3.2,16.713,0.79,,,37.22,"77,410",1.4,26.53,31.24,34.95,41.59,45.96,"55,180","64,980","72,690","86,500","95,590",,
26420,"Houston-Pasadena-The Woodlands, TX",4,TX,29-1141,Registered Nurses,"65,300",1.8,20.116,0.95,,,46.51,"96,730",0.6,33.35,38.29,47.02,50.95,60.25,"69,360","79,640","97,810","105,970","125,320",,
26580,"Huntington-Ashland, WV-KY-OH",4,WV,29-1141,Registered Nurses,"5,240",1.3,37.368,1.76,,,39.78,"82,750",0.4,28.97,33.34,39.58,46.42,51.43,"60,250","69,340","82,330","96,560","106,970",,
26620,"Huntsville, AL",4,AL,29-1141,Registered Nurses,"6,590",2.2,25.326,1.19,,,35.22,"73,270",0.7,25.61,29.01,31.75,40.28,46.13,"53,260","60,350","66,030","83,780","95,950",,
26820,"Idaho Falls, ID",4,ID,29-1141,Registered Nurses,"1,500",5,18.491,0.87,,,39.84,"82,870",1.5,30.13,32.49,37.92,45.92,47.47,"62,670","67,580","78,880","95,510","98,740",,
26900,"Indianapolis-Carmel-Greenwood, IN",4,IN,29-1141,Registered Nurses,"26,240",1.9,23.927,1.12,,,42.93,"89,290",0.4,31.89,37.08,39.09,48.18,50.71,"66,340","77,120","81,310","100,220","105,480",,
26980,"Iowa City, IA",4,IA,29-1141,Registered Nurses,"4,050",0.7,43.86,2.06,,,39.54,"82,240",0.5,32.61,32.61,39.87,41.18,49.24,"67,830","67,830","82,920","85,650","102,430",,
27060,"Ithaca, NY",4,NY,29-1141,Registered Nurses,870,2.7,18.061,0.85,,,46.73,"97,200",1.4,36.17,40.37,49.66,50.31,56.92,"75,230","83,970","103,290","104,640","118,400",,
27100,"Jackson, MI",4,MI,29-1141,Registered Nurses,"1,410",1.8,25.034,1.18,,,*,*,*,*,*,*,*,*,*,*,*,*,*,,
27140,"Jackson, MS",4,MS,29-1141,Registered Nurses,"9,540",5.1,35.501,1.67,,,41.26,"85,820",4,29.6,31.63,37.89,41.09,55.12,"61,570","65,800","78,800","85,470","114,650",,
27180,"Jackson, TN",4,TN,29-1141,Registered Nurses,"1,950",2.4,23.103,1.09,,,35.11,"73,030",0.6,27.58,29.87,34.44,38.09,41.21,"57,360","62,120","71,640","79,220","85,710",,
27260,"Jacksonville, FL",4,FL,29-1141,Registered Nurses,"18,470",1.7,24.426,1.15,,,41.31,"85,930",0.5,31.47,37.13,38.87,47.05,48.55,"65,460","77,220","80,850","97,870","100,980",,
27340,"Jacksonville, NC",4,NC,29-1141,Registered Nurses,890,3.7,16.759,0.79,,,37.69,"78,400",0.9,28.18,31,37.43,39.53,47.62,"58,610","64,480","77,860","82,220","99,040",,
27500,"Janesville-Beloit, WI",4,WI,29-1141,Registered Nurses,"1,450",1.4,21.017,0.99,,,42.12,"87,610",0.5,33.74,38.24,40.68,47.5,51.19,"70,170","79,540","84,610","98,800","106,480",,
27620,"Jefferson City, MO",4,MO,29-1141,Registered Nurses,"1,450",2,18.645,0.88,,,37.14,"77,260",1.2,26.96,30.64,36.5,43.69,44.67,"56,070","63,730","75,930","90,880","92,920",,
27740,"Johnson City, TN",4,TN,29-1141,Registered Nurses,"2,550",1.2,31.083,1.46,,,36.98,"76,920",0.4,25.61,30.6,35.26,40.89,51.28,"53,260","63,650","73,340","85,050","106,660",,
27780,"Johnstown, PA",4,PA,29-1141,Registered Nurses,"1,160",3.2,23.897,1.12,,,39.9,"82,990",1,31.27,36.56,39.03,45.62,46.08,"65,040","76,040","81,180","94,890","95,840",,
27860,"Jonesboro, AR",4,AR,29-1141,Registered Nurses,"1,890",1.5,31.575,1.48,,,37.64,"78,280",0.5,30.48,32.66,37.85,40.94,51.97,"63,410","67,930","78,730","85,160","108,100",,
27900,"Joplin, MO-KS",4,MO,29-1141,Registered Nurses,"2,470",1.8,28.401,1.33,,,35.99,"74,860",0.8,28.69,29.89,35.19,40.93,44.57,"59,670","62,170","73,190","85,140","92,710",,
27980,"Kahului-Wailuku, HI",4,HI,29-1141,Registered Nurses,"1,170",2.6,16.224,0.76,,,59.86,"124,500",1,41.29,49.71,66.97,67.04,67.7,"85,870","103,390","139,310","139,440","140,810",,
28020,"Kalamazoo-Portage, MI",4,MI,29-1141,Registered Nurses,"3,220",1.9,26.888,1.26,,,43.01,"89,450",1,34.06,37.73,40.53,49.06,49.6,"70,840","78,480","84,300","102,040","103,180",,
28100,"Kankakee, IL",4,IL,29-1141,Registered Nurses,"1,470",1.3,34.677,1.63,,,41.51,"86,330",0.4,30.14,36.47,39.96,47.77,50.44,"62,690","75,850","83,110","99,360","104,910",,
28140,"Kansas City, MO-KS",4,MO,29-1141,Registered Nurses,"28,180",1.4,25.774,1.21,,,41.12,"85,540",0.5,31.42,36.6,39.73,46.29,50.12,"65,360","76,120","82,630","96,270","104,240",,
28420,"Kennewick-Richland, WA",4,WA,29-1141,Registered Nurses,"2,310",2.2,18.129,0.85,,,53.26,"110,780",0.9,39.55,47.24,48.34,59.58,72.77,"82,260","98,260","100,540","123,930","151,360",,
28450,"Kenosha, WI",4,WI,29-1141,Registered Nurses,"1,560",2.4,21.102,0.99,,,41.65,"86,630",0.7,36.51,37.86,40.63,44.46,49.39,"75,930","78,740","84,500","92,480","102,730",,
28660,"Killeen-Temple, TX",4,TX,29-1141,Registered Nurses,"5,440",0.6,36.585,1.72,,,44.42,"92,400",0.6,31.09,36.16,45.77,48.05,56.16,"64,660","75,220","95,210","99,950","116,800",,
28700,"Kingsport-Bristol, TN-VA",4,TN,29-1141,Registered Nurses,"2,220",2.1,18.878,0.89,,,35.65,"74,140",0.8,25.62,30.76,35.91,40.47,46.95,"53,280","63,990","74,680","84,170","97,650",,
28740,"Kingston, NY",4,NY,29-1141,Registered Nurses,"1,120",2.2,19.264,0.91,,,46.83,"97,410",1.4,32.25,39.81,45.72,53.72,56.68,"67,070","82,800","95,090","111,750","117,890",,
28880,"Kiryas Joel-Poughkeepsie-Newburgh, NY",4,NY,29-1141,Registered Nurses,"5,450",2.3,20.619,0.97,,,48.09,"100,020",0.7,35.39,40.66,46.18,54.46,64.01,"73,600","84,570","96,060","113,280","133,140",,
28940,"Knoxville, TN",4,TN,29-1141,Registered Nurses,"7,970",2.5,19.067,0.9,,,35.33,"73,480",0.6,24.95,30.57,35.25,38.5,44.95,"51,890","63,580","73,320","80,090","93,490",,
29020,"Kokomo, IN",4,IN,29-1141,Registered Nurses,780,4.5,21.829,1.03,,,40.04,"83,290",0.7,30.1,33.93,40.81,41.61,50.56,"62,620","70,570","84,880","86,550","105,160",,
29100,"La Crosse-Onalaska, WI-MN",4,WI,29-1141,Registered Nurses,"2,780",0.8,33.45,1.57,,,46.94,"97,640",0.4,37.96,41.82,46.06,53.68,53.68,"78,960","86,990","95,800","111,660","111,660",,
29180,"Lafayette, LA",4,LA,29-1141,Registered Nurses,"4,680",4.9,26.638,1.25,,,38.87,"80,840",1.5,29.67,31.65,36.81,38.74,53.91,"61,710","65,820","76,550","80,570","112,130",,
29200,"Lafayette-West Lafayette, IN",4,IN,29-1141,Registered Nurses,"1,900",1.5,18.621,0.87,,,39.41,"81,970",0.7,31.06,37,37.18,45.53,46.49,"64,600","76,970","77,340","94,710","96,710",,
29340,"Lake Charles, LA",4,LA,29-1141,Registered Nurses,"2,610",1.6,26.066,1.22,,,40.84,"84,950",0.5,30.88,32.25,37.62,45,56.4,"64,230","67,090","78,240","93,600","117,310",,
29420,"Lake Havasu City-Kingman, AZ",4,AZ,29-1141,Registered Nurses,"1,040",2.7,18.79,0.88,,,43.76,"91,030",1,33.62,37.63,42.79,50.83,53.64,"69,930","78,260","89,000","105,720","111,570",,
29460,"Lakeland-Winter Haven, FL",4,FL,29-1141,Registered Nurses,"5,840",1,22.328,1.05,,,39.38,"81,910",0.3,31.06,36.99,38.98,46.22,47.35,"64,600","76,940","81,080","96,130","98,490",,
29540,"Lancaster, PA",4,PA,29-1141,Registered Nurses,"5,120",1.9,20.447,0.96,,,42.35,"88,090",0.7,32.64,37.46,39.99,47.62,49.15,"67,890","77,910","83,180","99,050","102,230",,
29620,"Lansing-East Lansing, MI",4,MI,29-1141,Registered Nurses,"3,560",1.6,16.687,0.78,,,43.1,"89,640",0.5,35.33,38.16,40.78,48.74,51.17,"73,490","79,370","84,820","101,380","106,440",,
29700,"Laredo, TX",4,TX,29-1141,Registered Nurses,"1,670",3.8,15.782,0.74,,,38.16,"79,370",1.5,28.08,32.88,37.78,41.45,49.54,"58,400","68,390","78,580","86,210","103,050",,
29740,"Las Cruces, NM",4,NM,29-1141,Registered Nurses,"1,320",4.3,16.874,0.79,,,41.74,"86,830",1.3,30.01,37.32,38.71,45.54,50.89,"62,410","77,620","80,520","94,720","105,850",,
29820,"Las Vegas-Henderson-North Las Vegas, NV",4,NV,29-1141,Registered Nurses,"20,790",2.5,18.575,0.87,,,49.23,"102,400",0.8,37.48,39.88,48.96,56.14,63.83,"77,960","82,950","101,840","116,760","132,760",,
29940,"Lawrence, KS",4,KS,29-1141,Registered Nurses,790,2.8,15.447,0.73,,,37.53,"78,070",1.1,29.9,33.85,38.23,40.53,43.78,"62,200","70,410","79,510","84,300","91,050",,
30020,"Lawton, OK",4,OK,29-1141,Registered Nurses,840,1.5,19.792,0.93,,,43.61,"90,700",0.5,32.58,35.26,40.94,45.26,70.18,"67,770","73,340","85,150","94,140","145,980",,
30140,"Lebanon, PA",4,PA,29-1141,Registered Nurses,"1,240",1.3,23.237,1.09,,,46.29,"96,290",0.5,36.17,38.3,46.52,51.57,58.89,"75,240","79,670","96,770","107,270","122,490",,
30300,"Lewiston, ID-WA",4,ID,29-1141,Registered Nurses,710,2,25.527,1.2,,,43.7,"90,890",0.8,33.76,38.44,40.54,48.36,59.31,"70,220","79,960","84,310","100,590","123,360",,
30340,"Lewiston-Auburn, ME",4,ME,29-1141,Registered Nurses,"1,270",2.8,26.246,1.23,,,42.93,"89,290",1,33.95,38.36,39.84,45.82,48.92,"70,610","79,800","82,860","95,300","101,750",,
30460,"Lexington-Fayette, KY",4,KY,29-1141,Registered Nurses,"8,110",1.5,28.664,1.35,,,40.98,"85,240",0.8,32.38,33.72,39.8,43.03,50.91,"67,340","70,140","82,780","89,500","105,890",,
30500,"Lexington Park, MD",4,MD,29-1141,Registered Nurses,920,1.9,12.836,0.6,,,42.84,"89,120",0.6,34.98,37.05,42.29,46.74,49.12,"72,760","77,070","87,960","97,210","102,180",,
30620,"Lima, OH",4,OH,29-1141,Registered Nurses,"1,700",1.7,34.265,1.61,,,38.41,"79,890",0.4,30.89,34.81,37.75,42.29,45.12,"64,240","72,390","78,510","87,950","93,850",,
30700,"Lincoln, NE",4,NE,29-1141,Registered Nurses,"4,190",6.1,23.185,1.09,,,39.04,"81,210",0.9,29.76,35.71,40.61,41.06,48.06,"61,890","74,280","84,460","85,410","99,960",,
30780,"Little Rock-North Little Rock-Conway, AR",4,AR,29-1141,Registered Nurses,"11,220",1.3,31.807,1.49,,,39,"81,120",0.4,27.8,32.13,38.38,40.82,49.73,"57,820","66,820","79,830","84,900","103,440",,
30860,"Logan, UT-ID",4,UT,29-1141,Registered Nurses,800,1.9,11.98,0.56,,,40.72,"84,690",0.7,31.64,34.23,39.95,50.09,50.09,"65,800","71,200","83,100","104,180","104,180",,
30980,"Longview, TX",4,TX,29-1141,Registered Nurses,"2,020",3.7,17.161,0.81,,,39.77,"82,720",1.8,28.11,35.64,38.12,46.33,49.97,"58,480","74,130","79,290","96,370","103,930",,
31020,"Longview-Kelso, WA",4,WA,29-1141,Registered Nurses,790,1.3,19.194,0.9,,,53.03,"110,300",1.4,40.18,43.1,49.88,59.04,72.59,"83,570","89,650","103,740","122,800","150,990",,
31080,"Los Angeles-Long Beach-Anaheim, CA",4,CA,29-1141,Registered Nurses,"107,340",1.2,17.313,0.81,,,66.35,"138,010",0.4,47.85,51.99,64.16,79.47,83.05,"99,530","108,150","133,440","165,290","172,740",,
31140,"Louisville/Jefferson County, KY-IN",4,KY,29-1141,Registered Nurses,"17,300",1.7,25.221,1.18,,,42.06,"87,480",0.8,30.43,37.69,39.04,47.02,53.34,"63,290","78,390","81,200","97,790","110,950",,
31180,"Lubbock, TX",4,TX,29-1141,Registered Nurses,"4,590",1.6,27.749,1.3,,,40.1,"83,400",1,30.74,32.5,37.84,45.64,49.47,"63,930","67,600","78,700","94,930","102,910",,
31340,"Lynchburg, VA",4,VA,29-1141,Registered Nurses,"2,490",2.1,25.584,1.2,,,39.88,"82,940",0.6,30.46,35.37,39.34,45.81,46.23,"63,350","73,560","81,840","95,280","96,160",,
31420,"Macon-Bibb County, GA",4,GA,29-1141,Registered Nurses,"2,950",1.6,31.034,1.46,,,39.95,"83,090",0.6,31.34,31.34,39.5,45.66,50.85,"65,180","65,190","82,160","94,980","105,770",,
31540,"Madison, WI",4,WI,29-1141,Registered Nurses,"9,990",1.2,24.644,1.16,,,46.09,"95,860",0.4,38.46,40.68,43.26,52.53,52.93,"80,000","84,610","89,980","109,270","110,100",,
31700,"Manchester-Nashua, NH",4,NH,29-1141,Registered Nurses,"5,160",3.6,25.482,1.2,,,44.26,"92,050",1.1,33.29,37.71,41.93,50.13,57.19,"69,250","78,430","87,210","104,270","118,960",,
31740,"Manhattan, KS",4,KS,29-1141,Registered Nurses,760,2.5,14.441,0.68,,,37.22,"77,420",0.7,29.25,32.48,37.29,40.41,44.94,"60,840","67,560","77,570","84,060","93,470",,
31860,"Mankato, MN",4,MN,29-1141,Registered Nurses,"1,460",3.9,26.32,1.24,,,46.38,"96,460",0.5,38.11,40.85,49.52,49.52,59.21,"79,270","84,960","103,000","103,000","123,150",,
31900,"Mansfield, OH",4,OH,29-1141,Registered Nurses,"1,140",1.8,23.186,1.09,,,39.99,"83,190",0.4,30.45,36.56,37.68,47.02,47.02,"63,340","76,050","78,370","97,800","97,800",,
32420,"Mayaguez, PR",4,PR,29-1141,Registered Nurses,"2,170",4.2,41.647,1.96,,,18.11,"37,670",0.9,14.18,16.2,17.33,18.17,24.04,"29,490","33,700","36,040","37,780","50,000",,
32580,"McAllen-Edinburg-Mission, TX",4,TX,29-1141,Registered Nurses,"5,660",3.2,19.477,0.92,,,36.77,"76,480",0.9,28.17,30.18,37.13,39.35,46.23,"58,590","62,770","77,240","81,840","96,160",,
32780,"Medford, OR",4,OR,29-1141,Registered Nurses,"2,370",2.7,26.693,1.25,,,53.17,"110,600",0.7,43.86,46.33,53.84,57.13,63.55,"91,240","96,370","111,980","118,840","132,190",,
32820,"Memphis, TN-MS-AR",4,TN,29-1141,Registered Nurses,"13,570",1.7,21.887,1.03,,,40.79,"84,850",0.4,31.12,34.48,38.1,44.43,52.12,"64,720","71,710","79,250","92,420","108,410",,
32900,"Merced, CA",4,CA,29-1141,Registered Nurses,930,2.6,11.779,0.55,,,60.53,"125,910",0.5,46.14,52.34,61,65.47,76.74,"95,980","108,870","126,880","136,170","159,630",,
33100,"Miami-Fort Lauderdale-West Palm Beach, FL",4,FL,29-1141,Registered Nurses,"59,880",1.7,21.523,1.01,,,44.26,"92,070",0.5,32.71,37.61,41.16,49.57,61.18,"68,040","78,240","85,610","103,110","127,240",,
33140,"Michigan City-La Porte, IN",4,IN,29-1141,Registered Nurses,830,2.4,20.033,0.94,,,38.14,"79,330",1.2,29.85,36.47,38.21,45.25,47,"62,090","75,860","79,470","94,130","97,760",,
33260,"Midland, TX",4,TX,29-1141,Registered Nurses,"1,080",3,9.096,0.43,,,42.82,"89,060",1.2,31.08,38.29,42.53,46.81,52.97,"64,650","79,650","88,460","97,370","110,180",,
33340,"Milwaukee-Waukesha, WI",4,WI,29-1141,Registered Nurses,"21,950",2.1,26.791,1.26,,,43.77,"91,040",0.7,35.18,38.35,40.38,48.76,51.73,"73,170","79,760","83,990","101,420","107,600",,
33460,"Minneapolis-St. Paul-Bloomington, MN-WI",4,MN,29-1141,Registered Nurses,"40,510",2.4,20.974,0.99,,,49.42,"102,790",0.6,37.56,42.15,49.16,55.77,61.87,"78,120","87,670","102,240","116,000","128,690",,
33500,"Minot, ND",4,ND,29-1141,Registered Nurses,690,2.9,20.656,0.97,,,38.13,"79,310",1.3,30.23,32.01,37.65,37.65,47.35,"62,880","66,580","78,310","78,310","98,490",,
33540,"Missoula, MT",4,MT,29-1141,Registered Nurses,"1,540",3.3,23.091,1.08,,,41.55,"86,430",0.7,33.04,38,38.08,48.32,48.84,"68,720","79,030","79,210","100,510","101,580",,
33660,"Mobile, AL",4,AL,29-1141,Registered Nurses,"5,200",1.8,30.776,1.45,,,35.92,"74,720",0.5,26.81,31.22,33.51,39.66,43.89,"55,770","64,940","69,700","82,490","91,300",,
33700,"Modesto, CA",4,CA,29-1141,Registered Nurses,"5,260",1,27.059,1.27,,,74.11,"154,140",0.5,50.1,61.91,81.47,82.17,97.46,"104,210","128,780","169,460","170,910","202,710",,
33740,"Monroe, LA",4,LA,29-1141,Registered Nurses,"2,290",4.3,26.221,1.23,,,37.38,"77,760",1.2,28.27,30.96,36.27,41.12,45.5,"58,800","64,400","75,440","85,530","94,630",,
33780,"Monroe, MI",4,MI,29-1141,Registered Nurses,690,3.5,16.964,0.8,,,43.63,"90,750",0.9,30.25,36.77,41.84,49.67,49.67,"62,930","76,480","87,020","103,310","103,310",,
33860,"Montgomery, AL",4,AL,29-1141,Registered Nurses,"3,720",2.7,22.788,1.07,,,40.79,"84,850",1,24.34,31.67,38.58,46.88,59.05,"50,620","65,880","80,250","97,500","122,820",,
34060,"Morgantown, WV",4,WV,29-1141,Registered Nurses,"4,250",0.6,63.496,2.98,,,37.44,"77,880",0.8,28.43,32.38,38.96,39.62,46.23,"59,140","67,350","81,040","82,410","96,150",,
34100,"Morristown, TN",4,TN,29-1141,Registered Nurses,680,4.5,14.141,0.66,,,36.47,"75,860",1,27.25,30.56,36.84,37.42,45,"56,680","63,570","76,640","77,830","93,600",,
34580,"Mount Vernon-Anacortes, WA",4,WA,29-1141,Registered Nurses,"1,120",1.2,21.758,1.02,,,50.98,"106,030",0.4,39.33,39.39,49.36,62.67,64.1,"81,800","81,940","102,660","130,350","133,340",,
34620,"Muncie, IN",4,IN,29-1141,Registered Nurses,"1,210",2,27.084,1.27,,,39.05,"81,220",0.9,30.29,36.46,37.49,44.84,47.46,"63,010","75,830","77,970","93,270","98,720",,
34740,"Muskegon-Norton Shores, MI",4,MI,29-1141,Registered Nurses,"1,720",1.2,27.507,1.29,,,38.43,"79,930",0.4,31.57,32.21,38.43,43.71,43.71,"65,660","67,000","79,940","90,910","90,910",,
34820,"Myrtle Beach-Conway-North Myrtle Beach, SC",4,SC,29-1141,Registered Nurses,"3,110",1.4,21.542,1.01,,,38.48,"80,040",0.5,30.81,34.51,39.75,40.09,46.78,"64,070","71,770","82,680","83,390","97,300",,
34900,"Napa, CA",4,CA,29-1141,Registered Nurses,"1,570",1.3,20.04,0.94,,,*,*,*,*,*,*,*,*,*,*,*,*,*,,
34940,"Naples-Marco Island, FL",4,FL,29-1141,Registered Nurses,"2,910",2.3,17.024,0.8,,,45,"93,590",1.3,33.61,38.87,40.94,51,68.73,"69,900","80,840","85,140","106,080","142,960",,
34980,"Nashville-Davidson--Murfreesboro--Franklin, TN",4,TN,29-1141,Registered Nurses,"24,460",2.2,22.312,1.05,,,42.71,"88,840",0.9,30.94,37.42,39.02,48.39,52.18,"64,360","77,840","81,170","100,650","108,530",,
35300,"New Haven, CT",4,CT,29-1141,Registered Nurses,"9,140",1.2,32.205,1.51,,,50.94,"105,960",0.4,38.04,39.45,49,60.06,65.02,"79,120","82,050","101,920","124,930","135,250",,
35380,"New Orleans-Metairie, LA",4,LA,29-1141,Registered Nurses,"11,410",2,25.862,1.21,,,43.12,"89,700",0.6,31.67,37.74,39.39,46.8,60.11,"65,870","78,510","81,920","97,340","125,020",,
35620,"New York-Newark-Jersey City, NY-NJ",4,NY,29-1141,Registered Nurses,"195,470",1.1,20.877,0.98,,,55.6,"115,650",0.5,40.34,48.33,54.56,61.75,74.25,"83,900","100,530","113,490","128,430","154,440",,
35660,"Niles, MI",4,MI,29-1141,Registered Nurses,"1,440",0.9,24.162,1.14,,,45.59,"94,830",0.8,36.83,36.97,47.25,49.1,59.71,"76,600","76,890","98,280","102,140","124,200",,
35840,"North Port-Bradenton-Sarasota, FL",4,FL,29-1141,Registered Nurses,"7,760",2,23.197,1.09,,,40.98,"85,240",0.6,31.52,34.94,39.83,47.6,49.83,"65,550","72,680","82,850","99,010","103,640",,
35980,"Norwich-New London-Willimantic, CT",4,CT,29-1141,Registered Nurses,"2,440",1.9,19.575,0.92,,,47.42,"98,640",0.5,35.74,40.63,48.48,52.41,58.21,"74,340","84,510","100,840","109,020","121,080",,
36100,"Ocala, FL",4,FL,29-1141,Registered Nurses,"3,050",2.9,25.695,1.21,,,38.29,"79,640",1,30.88,36.25,36.74,40.08,45.66,"64,230","75,400","76,410","83,370","94,980",,
36220,"Odessa, TX",4,TX,29-1141,Registered Nurses,"1,120",2,14.117,0.66,,,39.81,"82,800",0.6,31.73,33.16,37.63,46.21,48.13,"66,010","68,960","78,270","96,130","100,120",,
36260,"Ogden, UT",4,UT,29-1141,Registered Nurses,"3,860",1.8,14.265,0.67,,,40.18,"83,560",0.6,31.08,35.33,38.14,47.32,49.03,"64,640","73,480","79,320","98,430","101,970",,
36420,"Oklahoma City, OK",4,OK,29-1141,Registered Nurses,"13,980",1.9,20.886,0.98,,,41.29,"85,880",0.4,31.42,37.33,38.68,46.76,49.49,"65,360","77,640","80,460","97,250","102,940",,
36500,"Olympia-Lacey-Tumwater, WA",4,WA,29-1141,Registered Nurses,"2,140",2.5,16.827,0.79,,,52.81,"109,840",1.3,38.73,46.43,49.93,59.1,72.46,"80,560","96,570","103,850","122,920","150,720",,
36540,"Omaha, NE-IA",4,NE,29-1141,Registered Nurses,"12,860",1.8,26.184,1.23,,,40.84,"84,960",0.5,31.06,37.47,38.95,47,49.08,"64,600","77,940","81,020","97,760","102,090",,
36740,"Orlando-Kissimmee-Sanford, FL",4,FL,29-1141,Registered Nurses,"28,020",1.9,20.05,0.94,,,41.57,"86,460",0.6,31.72,37.15,39.15,47.2,51.83,"65,980","77,280","81,430","98,180","107,810",,
36780,"Oshkosh-Neenah, WI",4,WI,29-1141,Registered Nurses,"1,910",1.9,20.423,0.96,,,41.51,"86,350",0.5,36.25,37.2,39.9,47.13,50.13,"75,410","77,380","82,980","98,030","104,270",,
36980,"Owensboro, KY",4,KY,29-1141,Registered Nurses,"1,660",1.6,34.111,1.6,,,39.22,"81,570",0.5,30.84,30.84,38.23,48.29,48.29,"64,150","64,150","79,510","100,450","100,450",,
37100,"Oxnard-Thousand Oaks-Ventura, CA",4,CA,29-1141,Registered Nurses,"5,430",4.3,16.95,0.8,,,63.75,"132,600",2.3,47,51.38,61.79,76.91,86.93,"97,760","106,860","128,520","159,970","180,820",,
37140,"Paducah, KY-IL",4,KY,29-1141,Registered Nurses,"1,630",2.3,32.235,1.51,,,39.15,"81,430",1.4,29.86,37.07,37.21,42.3,47.95,"62,100","77,100","77,400","87,990","99,730",,
37340,"Palm Bay-Melbourne-Titusville, FL",4,FL,29-1141,Registered Nurses,"5,160",2,21.294,1,,,39.17,"81,470",0.5,29.57,32.8,38.39,42,48.65,"61,510","68,210","79,840","87,360","101,200",,
37460,"Panama City-Panama City Beach, FL",4,FL,29-1141,Registered Nurses,"1,600",1.5,18.231,0.86,,,40.06,"83,320",0.7,28.7,33.45,37.8,46.23,52.4,"59,690","69,580","78,620","96,160","108,990",,
37620,"Parkersburg-Vienna, WV",4,WV,29-1141,Registered Nurses,900,2.7,24.202,1.14,,,36.45,"75,810",0.8,29.21,32.35,37.21,41.07,41.07,"60,770","67,280","77,410","85,420","85,420",,
37860,"Pensacola-Ferry Pass-Brent, FL",4,FL,29-1141,Registered Nurses,"5,730",1.9,30.36,1.43,,,39.92,"83,040",0.4,31.71,35.88,38.42,45.9,48.48,"65,960","74,630","79,920","95,470","100,830",,
37900,"Peoria, IL",4,IL,29-1141,Registered Nurses,"6,020",1.6,36.433,1.71,,,40.3,"83,830",0.5,31.51,35.86,40.72,46.04,49.73,"65,550","74,590","84,690","95,770","103,440",,
37980,"Philadelphia-Camden-Wilmington, PA-NJ-DE-MD",4,PA,29-1141,Registered Nurses,"74,840",1.4,26.087,1.23,,,46.88,"97,510",0.4,37.23,40.4,47.7,51.83,58.89,"77,440","84,040","99,210","107,800","122,500",,
38060,"Phoenix-Mesa-Chandler, AZ",4,AZ,29-1141,Registered Nurses,"46,330",2.3,19.77,0.93,,,46.26,"96,220",0.6,34.23,39.55,47.19,50.92,59.68,"71,200","82,270","98,160","105,900","124,130",,
38240,"Pinehurst-Southern Pines, NC",4,NC,29-1141,Registered Nurses,"1,780",1.8,44.417,2.09,,,38.02,"79,080",0.4,29.76,33.19,37.57,41.31,51.33,"61,900","69,030","78,140","85,920","106,770",,
38300,"Pittsburgh, PA",4,PA,29-1141,Registered Nurses,"29,560",2.2,26.65,1.25,,,41.36,"86,040",1,32.21,36.39,39.03,46.6,51.86,"67,000","75,680","81,190","96,920","107,870",,
38340,"Pittsfield, MA",4,MA,29-1141,Registered Nurses,"1,280",3.9,22.272,1.05,,,48.56,"101,010",1,35.64,40.77,48.96,51.18,61.94,"74,130","84,800","101,840","106,460","128,840",,
38540,"Pocatello, ID",4,ID,29-1141,Registered Nurses,730,3.2,19.51,0.92,,,39.65,"82,460",1.1,29.62,36.47,37.6,45.22,46.75,"61,620","75,860","78,220","94,060","97,230",,
38660,"Ponce, PR",4,PR,29-1141,Registered Nurses,"2,010",3.5,31.505,1.48,,,18.58,"38,640",0.7,15.21,17.32,17.54,18.29,23.31,"31,630","36,030","36,490","38,030","48,480",,
38860,"Portland-South Portland, ME",4,ME,29-1141,Registered Nurses,"6,660",2.8,23.427,1.1,,,42.35,"88,090",0.6,33.13,38.51,39.82,48.07,49.78,"68,920","80,100","82,830","99,980","103,550",,
38900,"Portland-Vancouver-Hillsboro, OR-WA",4,OR,29-1141,Registered Nurses,"24,930",2,20.54,0.96,,,59.41,"123,580",0.8,47.94,51.18,61.53,63.58,70.54,"99,710","106,460","127,980","132,240","146,720",,
38940,"Port St. Lucie, FL",4,FL,29-1141,Registered Nurses,"4,350",1.8,25.939,1.22,,,41.7,"86,740",0.4,33.9,37.96,38.54,48.96,48.96,"70,520","78,960","80,160","101,840","101,840",,
39150,"Prescott Valley-Prescott, AZ",4,AZ,29-1141,Registered Nurses,"1,470",2.3,20.732,0.97,,,51.32,"106,740",0.6,38.51,39.79,48.55,62.78,65.92,"80,090","82,750","100,980","130,590","137,110",,
39300,"Providence-Warwick, RI-MA",4,RI,29-1141,Registered Nurses,"15,770",1.7,22.325,1.05,,,47.85,"99,520",0.5,34.66,39.58,46.74,54.11,64.09,"72,090","82,330","97,220","112,540","133,310",,
39340,"Provo-Orem-Lehi, UT",4,UT,29-1141,Registered Nurses,"3,710",2.6,12.436,0.58,,,40.74,"84,730",0.7,31.58,36.3,38.29,47.12,49.72,"65,680","75,510","79,630","98,010","103,420",,
39380,"Pueblo, CO",4,CO,29-1141,Registered Nurses,"1,910",2.1,30.541,1.43,,,43.41,"90,290",0.4,35.47,37.7,42.08,51.39,51.7,"73,790","78,420","87,520","106,890","107,540",,
39460,"Punta Gorda, FL",4,FL,29-1141,Registered Nurses,"1,480",3.5,26.496,1.24,,,41.86,"87,070",1,30.62,36.93,38.7,47.95,49.78,"63,690","76,820","80,500","99,730","103,550",,
39540,"Racine-Mount Pleasant, WI",4,WI,29-1141,Registered Nurses,"1,230",5,16.005,0.75,,,42.46,"88,330",1.5,35.14,38.08,38.96,47.57,50.71,"73,090","79,200","81,040","98,940","105,480",,
39580,"Raleigh-Cary, NC",4,NC,29-1141,Registered Nurses,"12,820",1.8,17.711,0.83,,,43.18,"89,820",0.8,32.43,37.27,40.8,51.13,51.83,"67,460","77,520","84,870","106,350","107,800",,
39660,"Rapid City, SD",4,SD,29-1141,Registered Nurses,"2,600",2,36.194,1.7,,,35.41,"73,640",0.5,27.49,29.6,33.42,40.69,44.54,"57,170","61,570","69,510","84,640","92,640",,
39740,"Reading, PA",4,PA,29-1141,Registered Nurses,"3,360",1.9,19.581,0.92,,,45.92,"95,510",0.5,36.07,40.03,46.31,49.14,60.23,"75,030","83,250","96,330","102,210","125,280",,
39820,"Redding, CA",4,CA,29-1141,Registered Nurses,"1,620",1.9,23.207,1.09,,,62.66,"130,320",1.4,44.52,50.13,60.09,77.85,77.85,"92,600","104,260","124,990","161,920","161,920",,
39900,"Reno, NV",4,NV,29-1141,Registered Nurses,"4,860",2.6,17.792,0.84,,,49.6,"103,160",1.1,37.25,39.8,49.82,53.77,63.94,"77,490","82,780","103,620","111,840","132,990",,
40060,"Richmond, VA",4,VA,29-1141,Registered Nurses,"15,440",1.9,23.648,1.11,,,43.52,"90,530",0.8,32.22,37.67,43.14,46.76,57.62,"67,020","78,350","89,730","97,250","119,860",,
40140,"Riverside-San Bernardino-Ontario, CA",4,CA,29-1141,Registered Nurses,"34,570",1.7,20.39,0.96,,,65.23,"135,680",0.4,47.01,52.5,62.58,78.97,82.23,"97,780","109,210","130,160","164,250","171,040",,
40220,"Roanoke, VA",4,VA,29-1141,Registered Nurses,"5,970",1.2,39.24,1.84,,,40.61,"84,460",0.8,30.4,36.08,36.52,46.13,52.5,"63,240","75,040","75,960","95,950","109,200",,
40340,"Rochester, MN",4,MN,29-1141,Registered Nurses,"5,510",0.4,45.306,2.13,,,50.31,"104,650",0.6,39.88,48.29,49.32,60.08,60.08,"82,960","100,440","102,580","124,960","124,960",,
40380,"Rochester, NY",4,NY,29-1141,Registered Nurses,"12,510",1.2,25.491,1.2,,,44.85,"93,290",0.6,36.69,38.37,45.68,49.92,60.49,"76,320","79,800","95,010","103,830","125,810",,
40420,"Rockford, IL",4,IL,29-1141,Registered Nurses,"4,340",1.7,31.145,1.46,,,40.5,"84,240",0.6,28.85,35.57,39.21,48.08,50.73,"60,010","73,990","81,560","100,000","105,530",,
40580,"Rocky Mount, NC",4,NC,29-1141,Registered Nurses,"1,120",2.5,20.508,0.96,,,39.14,"81,400",0.7,29.56,30.85,38.99,46.31,49.36,"61,490","64,160","81,090","96,320","102,680",,
40660,"Rome, GA",4,GA,29-1141,Registered Nurses,"1,630",2.6,36.893,1.73,,,41.5,"86,320",0.8,32.17,34.83,40.11,43.19,47.64,"66,910","72,440","83,420","89,840","99,090",,
40900,"Sacramento-Roseville-Folsom, CA",4,CA,29-1141,Registered Nurses,"23,400",1.9,21.946,1.03,,,78.37,"163,020",0.6,50.05,63.62,81.35,96.94,101.55,"104,100","132,320","169,210","201,640","211,220",,
40980,"Saginaw, MI",4,MI,29-1141,Registered Nurses,"2,690",1.4,33.744,1.59,,,44.53,"92,610",0.4,36.39,40.05,41.18,48.66,50.72,"75,690","83,300","85,640","101,210","105,500",,
41060,"St. Cloud, MN",4,MN,29-1141,Registered Nurses,"2,940",1.5,28.424,1.34,,,47.43,"98,650",0.4,37.09,40.88,49.95,51.9,53.78,"77,150","85,040","103,890","107,960","111,860",,
41100,"St. George, UT",4,UT,29-1141,Registered Nurses,"1,810",2,20.88,0.98,,,40.93,"85,130",0.6,32.41,34.88,40.08,48.26,50.15,"67,400","72,550","83,360","100,380","104,310",,
41140,"St. Joseph, MO-KS",4,MO,29-1141,Registered Nurses,"1,280",3.4,23.784,1.12,,,37.58,"78,160",1.8,29.02,31.94,35.94,44.56,44.56,"60,360","66,430","74,750","92,680","92,680",,
41180,"St. Louis, MO-IL",4,MO,29-1141,Registered Nurses,"33,660",1.3,25.126,1.18,,,40.74,"84,750",0.4,29.8,33.06,39.69,46.53,50.79,"61,990","68,760","82,560","96,780","105,630",,
41420,"Salem, OR",4,OR,29-1141,Registered Nurses,"4,000",2.4,21.443,1.01,,,58.7,"122,100",0.5,47.56,50.92,61.61,62.36,73.69,"98,920","105,920","128,150","129,700","153,280",,
41500,"Salinas, CA",4,CA,29-1141,Registered Nurses,"3,060",1.7,16.445,0.77,,,68.95,"143,410",1.2,47.4,57.91,64.94,83.98,83.98,"98,590","120,450","135,080","174,680","174,680",,
41540,"Salisbury, MD",4,MD,29-1141,Registered Nurses,"1,650",1.4,30.736,1.44,,,43.04,"89,520",0.4,33.86,38.03,40.83,51.4,51.4,"70,430","79,090","84,930","106,910","106,910",,
41620,"Salt Lake City-Murray, UT",4,UT,29-1141,Registered Nurses,"13,680",2.3,16.753,0.79,,,44.02,"91,550",0.8,33.98,37.41,39.97,49.83,54.97,"70,680","77,810","83,140","103,650","114,340",,
41660,"San Angelo, TX",4,TX,29-1141,Registered Nurses,"1,430",2.4,28.445,1.34,,,38.3,"79,670",1.4,29.6,34.09,36.27,44.34,45.92,"61,570","70,900","75,440","92,220","95,510",,
41700,"San Antonio-New Braunfels, TX",4,TX,29-1141,Registered Nurses,"23,390",1.7,20.989,0.99,,,42.93,"89,300",0.6,30.42,36.55,41.88,47.39,55.76,"63,260","76,020","87,100","98,580","115,990",,
41740,"San Diego-Chula Vista-Carlsbad, CA",4,CA,29-1141,Registered Nurses,"27,660",1.2,18.039,0.85,,,67,"139,350",0.4,49.6,58.52,63.99,78.58,84.05,"103,160","121,720","133,090","163,450","174,820",,
41780,"Sandusky, OH",4,OH,29-1141,Registered Nurses,920,1.7,18.592,0.87,,,37.9,"78,840",0.5,33.04,33.24,39.93,40.17,44.57,"68,730","69,130","83,060","83,560","92,710",,
41860,"San Francisco-Oakland-Fremont, CA",4,CA,29-1141,Registered Nurses,"40,750",1.7,16.939,0.8,,,85.79,"178,450",0.9,57.79,72.39,90.4,102.01,106.68,"120,210","150,580","188,020","212,190","221,890",,
41940,"San Jose-Sunnyvale-Santa Clara, CA",4,CA,29-1141,Registered Nurses,"21,460",0.6,18.911,0.89,,,91.29,"189,880",0.5,60.65,79.23,100.45,105.51,108.77,"126,150","164,790","208,940","219,460","226,240",,
41980,"San Juan-Bayamon-Caguas, PR",4,PR,29-1141,Registered Nurses,"15,820",1.8,22.878,1.07,,,20.75,"43,160",0.6,14.77,17.25,18.63,22.23,27.57,"30,730","35,880","38,750","46,250","57,350",,
42020,"San Luis Obispo-Paso Robles, CA",4,CA,29-1141,Registered Nurses,"1,950",2.1,16.105,0.76,,,69.39,"144,320",0.5,47.54,50.66,64.17,92.94,94.24,"98,880","105,380","133,470","193,320","196,030",,
42100,"Santa Cruz-Watsonville, CA",4,CA,29-1141,Registered Nurses,"1,610",3.8,16.32,0.77,,,76.7,"159,540",1.2,46.9,58.61,86.01,97.73,97.79,"97,560","121,910","178,900","203,280","203,410",,
42140,"Santa Fe, NM",4,NM,29-1141,Registered Nurses,820,5.2,13.358,0.63,,,45.8,"95,270",0.9,34.66,40.58,44.11,52.29,52.29,"72,080","84,400","91,750","108,760","108,760",,
42200,"Santa Maria-Santa Barbara, CA",4,CA,29-1141,Registered Nurses,"3,140",1.5,15.546,0.73,,,63.41,"131,890",0.5,50.08,54.03,64.17,69.25,78.58,"104,170","112,380","133,470","144,030","163,450",,
42220,"Santa Rosa-Petaluma, CA",4,CA,29-1141,Registered Nurses,"3,770",1.3,18.407,0.86,,,82.45,"171,490",0.6,50.55,62.96,82.88,101.31,105.39,"105,140","130,960","172,390","210,730","219,220",,
42340,"Savannah, GA",4,GA,29-1141,Registered Nurses,"4,900",2.1,25.136,1.18,,,41.9,"87,160",0.5,30.66,33.08,40.25,47.41,51.26,"63,770","68,810","83,720","98,600","106,620",,
42540,"Scranton--Wilkes-Barre, PA",4,PA,29-1141,Registered Nurses,"5,430",2.1,21.379,1,,,40.74,"84,730",0.8,30.52,36.6,39.16,45.62,48.18,"63,490","76,130","81,450","94,890","100,210",,
42660,"Seattle-Tacoma-Bellevue, WA",4,WA,29-1141,Registered Nurses,"37,250",1.8,17.889,0.84,,,57.82,"120,260",0.4,43.13,48.63,57,63.54,75.66,"89,700","101,140","118,570","132,160","157,380",,
42680,"Sebastian-Vero Beach-West Vero Corridor, FL",4,FL,29-1141,Registered Nurses,"1,780",1.7,31.079,1.46,,,41.48,"86,280",0.7,32.23,37.05,37.76,47.59,47.59,"67,040","77,070","78,530","98,990","98,990",,
42700,"Sebring, FL",4,FL,29-1141,Registered Nurses,860,2.5,30.875,1.45,,,41.43,"86,170",0.4,32.69,36.62,39.75,48.97,48.97,"67,990","76,160","82,690","101,860","101,860",,
43100,"Sheboygan, WI",4,WI,29-1141,Registered Nurses,910,3.3,15.063,0.71,,,42.15,"87,680",0.6,32.09,37.2,39.12,48.09,49.15,"66,750","77,380","81,360","100,040","102,230",,
43300,"Sherman-Denison, TX",4,TX,29-1141,Registered Nurses,"1,570",2,30.246,1.42,,,40.34,"83,900",0.4,32.59,37.67,38.87,47.96,47.96,"67,800","78,350","80,840","99,760","99,760",,
43340,"Shreveport-Bossier City, LA",4,LA,29-1141,Registered Nurses,"5,650",1.2,35.327,1.66,,,44.61,"92,790",0.4,31.45,36.83,40,50.06,62.94,"65,410","76,610","83,200","104,120","130,920",,
43420,"Sierra Vista-Douglas, AZ",4,AZ,29-1141,Registered Nurses,500,2.1,14.665,0.69,,,42,"87,350",0.6,31.11,36.41,41.24,44.97,49.25,"64,720","75,730","85,770","93,540","102,430",,
43580,"Sioux City, IA-NE-SD",4,IA,29-1141,Registered Nurses,"1,520",2.3,20.205,0.95,,,35.19,"73,180",1.5,29.61,30.82,33.26,38.46,43.6,"61,590","64,110","69,180","79,990","90,680",,
43620,"Sioux Falls, SD-MN",4,SD,29-1141,Registered Nurses,"7,480",1.4,42.789,2.01,,,34.16,"71,060",0.4,24.99,30.1,33.12,37.71,44.64,"51,980","62,600","68,890","78,440","92,850",,
43640,"Slidell-Mandeville-Covington, LA",4,LA,29-1141,Registered Nurses,"2,850",2,28.3,1.33,,,39.54,"82,250",0.8,30.07,35.52,36.98,42.66,46.63,"62,540","73,880","76,920","88,730","96,990",,
43780,"South Bend-Mishawaka, IN-MI",4,IN,29-1141,Registered Nurses,"3,420",1.5,26.084,1.23,,,45.69,"95,030",1,30.63,38.09,41.18,53.97,65.59,"63,720","79,230","85,660","112,260","136,430",,
43900,"Spartanburg, SC",4,SC,29-1141,Registered Nurses,"4,660",1.2,28.412,1.33,,,39.12,"81,380",1,32.59,32.62,38.25,40.49,47.09,"67,780","67,850","79,550","84,210","97,950",,
44060,"Spokane-Spokane Valley, WA",4,WA,29-1141,Registered Nurses,"6,480",1.7,25.358,1.19,,,52.07,"108,300",0.7,39.79,44.58,47.73,59.59,65.4,"82,770","92,720","99,290","123,950","136,030",,
44100,"Springfield, IL",4,IL,29-1141,Registered Nurses,"4,210",1,40.957,1.92,,,41.55,"86,430",0.3,32.06,37.77,39.27,48,51.46,"66,690","78,560","81,680","99,840","107,030",,
44140,"Springfield, MA",4,MA,29-1141,Registered Nurses,"5,730",1.9,28.816,1.35,,,45.23,"94,080",0.7,32.62,39.4,43.74,51.43,61.43,"67,850","81,940","90,970","106,980","127,760",,
44180,"Springfield, MO",4,MO,29-1141,Registered Nurses,"7,450",1.1,33.556,1.58,,,34.75,"72,290",0.3,26.99,28.55,31.98,38.53,45.91,"56,140","59,380","66,530","80,140","95,490",,
44220,"Springfield, OH",4,OH,29-1141,Registered Nurses,"1,130",2.4,23.937,1.12,,,39.04,"81,200",0.6,29.45,36.36,37.11,41.82,46.57,"61,260","75,630","77,180","86,990","96,870",,
44300,"State College, PA",4,PA,29-1141,Registered Nurses,"1,270",2,18.416,0.87,,,39.97,"83,140",1,30.27,37.3,38.76,44.09,45.52,"62,950","77,590","80,620","91,700","94,690",,
44420,"Staunton-Stuarts Draft, VA",4,VA,29-1141,Registered Nurses,"1,430",1.4,28.386,1.33,,,41.8,"86,950",0.9,30.81,38.61,38.61,46.59,49.7,"64,080","80,300","80,300","96,910","103,380",,
44700,"Stockton-Lodi, CA",4,CA,29-1141,Registered Nurses,"5,100",2.4,17.797,0.84,,,67.28,"139,940",0.5,47.36,56.71,63.39,78.33,99.53,"98,500","117,960","131,840","162,930","207,020",,
44940,"Sumter, SC",4,SC,29-1141,Registered Nurses,700,3.4,19.919,0.94,,,39.8,"82,780",1.4,30.9,33.73,38.58,42.05,48.56,"64,280","70,160","80,240","87,460","100,990",,
45060,"Syracuse, NY",4,NY,29-1141,Registered Nurses,"7,520",1.8,25.479,1.2,,,42.39,"88,180",0.9,32.54,35.53,40.34,48.4,50.63,"67,670","73,900","83,920","100,660","105,310",,
45220,"Tallahassee, FL",4,FL,29-1141,Registered Nurses,"3,830",1.9,20.807,0.98,,,38,"79,030",0.6,29.53,32.88,36.54,41.83,48.55,"61,420","68,390","75,990","87,000","100,980",,
45300,"Tampa-St. Petersburg-Clearwater, FL",4,FL,29-1141,Registered Nurses,"35,050",1.5,24.302,1.14,,,43.4,"90,260",0.7,32.68,37.73,40.53,48.05,55.27,"67,960","78,470","84,290","99,940","114,960",,
45460,"Terre Haute, IN",4,IN,29-1141,Registered Nurses,"1,450",2.1,22.459,1.06,,,38.43,"79,940",0.5,30.3,32.44,38.05,42.49,46.44,"63,010","67,470","79,140","88,380","96,600",,
45500,"Texarkana, TX-AR",4,TX,29-1141,Registered Nurses,"1,550",2.1,27.071,1.27,,,37.02,"77,010",0.6,27.95,32.24,36.81,40.53,50.73,"58,140","67,050","76,560","84,290","105,520",,
45780,"Toledo, OH",4,OH,29-1141,Registered Nurses,"8,010",1.5,27.451,1.29,,,40.13,"83,460",0.6,31.74,36.41,38.19,45.82,47.84,"66,030","75,720","79,440","95,310","99,500",,
45820,"Topeka, KS",4,KS,29-1141,Registered Nurses,"3,170",1.8,28.171,1.32,,,40.75,"84,760",0.6,29.75,36.99,37.92,46.61,49.26,"61,880","76,940","78,870","96,940","102,460",,
45900,"Traverse City, MI",4,MI,29-1141,Registered Nurses,"1,990",2.5,29.54,1.39,,,42.09,"87,550",0.4,33.97,37.87,38.83,48.8,49.05,"70,670","78,770","80,760","101,500","102,010",,
45940,"Trenton-Princeton, NJ",4,NJ,29-1141,Registered Nurses,"5,330",2.6,22.277,1.05,,,48.83,"101,570",0.5,38.84,44.28,46.94,55.84,57.88,"80,790","92,110","97,640","116,140","120,390",,
46060,"Tucson, AZ",4,AZ,29-1141,Registered Nurses,"9,390",1.8,24.341,1.14,,,44.18,"91,890",0.6,30.24,37.36,46.13,48.34,58.69,"62,890","77,700","95,960","100,560","122,080",,
46140,"Tulsa, OK",4,OK,29-1141,Registered Nurses,"9,600",2.4,21.171,0.99,,,43.2,"89,850",0.7,32.72,37.76,39.48,47.22,50.7,"68,060","78,540","82,130","98,220","105,460",,
46220,"Tuscaloosa, AL",4,AL,29-1141,Registered Nurses,"2,460",1.9,22.665,1.06,,,35.79,"74,440",0.6,25.65,26.55,33.07,38.79,49.13,"53,360","55,220","68,790","80,690","102,190",,
46300,"Twin Falls, ID",4,ID,29-1141,Registered Nurses,880,2.9,17.677,0.83,,,41.94,"87,230",0.5,35.39,38.04,38.92,46.73,48.43,"73,600","79,130","80,950","97,200","100,740",,
46340,"Tyler, TX",4,TX,29-1141,Registered Nurses,"4,160",1.5,36.902,1.73,,,37.4,"77,790",0.5,29.08,29.74,37.24,45.5,46.23,"60,480","61,850","77,450","94,630","96,160",,
46520,"Urban Honolulu, HI",4,HI,29-1141,Registered Nurses,"9,930",2.6,22.398,1.05,,,60.17,"125,160",0.8,39.46,50.22,66.68,67.56,70.42,"82,070","104,460","138,690","140,520","146,480",,
46540,"Utica-Rome, NY",4,NY,29-1141,Registered Nurses,"2,430",2.4,20.723,0.97,,,42.87,"89,170",1.8,30.08,38.15,41.36,48.36,52.82,"62,560","79,340","86,020","100,580","109,860",,
46660,"Valdosta, GA",4,GA,29-1141,Registered Nurses,"1,060",3,19.489,0.92,,,35.78,"74,430",0.9,30.15,30.38,35.79,37.58,43.66,"62,710","63,200","74,450","78,160","90,810",,
46700,"Vallejo, CA",4,CA,29-1141,Registered Nurses,"4,410",0.7,30.884,1.45,,,84.44,"175,620",0.4,52.72,64.72,92.53,101.04,112.94,"109,650","134,620","192,470","210,170","234,910",,
47020,"Victoria, TX",4,TX,29-1141,Registered Nurses,"1,060",1.8,27.569,1.3,,,40.83,"84,930",0.8,30.41,34.77,38.7,47.87,49.72,"63,260","72,330","80,500","99,570","103,420",,
47220,"Vineland, NJ",4,NJ,29-1141,Registered Nurses,"1,660",2.6,27.068,1.27,,,47.36,"98,500",0.6,38.33,41.73,47.76,50.83,57.39,"79,720","86,800","99,340","105,720","119,360",,
47260,"Virginia Beach-Chesapeake-Norfolk, VA-NC",4,VA,29-1141,Registered Nurses,"16,270",2.4,21.558,1.01,,,42.13,"87,630",0.9,30.55,36.87,39.03,47.01,55.63,"63,550","76,700","81,170","97,790","115,710",,
47300,"Visalia, CA",4,CA,29-1141,Registered Nurses,"2,740",2.6,16.114,0.76,,,57.41,"119,410",0.9,45.79,47.42,57.77,60.21,73.18,"95,240","98,630","120,160","125,230","152,220",,
47380,"Waco, TX",4,TX,29-1141,Registered Nurses,"2,520",2,19.36,0.91,,,42.11,"87,580",0.9,30.95,35.92,41.98,47.19,52.01,"64,380","74,710","87,330","98,150","108,180",,
47460,"Walla Walla, WA",4,WA,29-1141,Registered Nurses,790,1.6,30.71,1.44,,,53.26,"110,770",1.7,41.33,42.55,50.65,63.15,64.97,"85,970","88,500","105,360","131,360","135,130",,
47580,"Warner Robins, GA",4,GA,29-1141,Registered Nurses,920,2.6,12.097,0.57,,,40.91,"85,100",1.2,33.79,34.49,42.44,42.94,52.24,"70,270","71,730","88,270","89,310","108,660",,
47900,"Washington-Arlington-Alexandria, DC-VA-MD-WV",4,DC,29-1141,Registered Nurses,"43,640",1.6,13.993,0.66,,,49.29,"102,510",0.6,38.2,40.18,48.94,53.25,62.18,"79,460","83,570","101,800","110,760","129,320",,
47930,"Waterbury-Shelton, CT",4,CT,29-1141,Registered Nurses,"3,100",2.4,19.557,0.92,,,49.83,"103,640",0.8,38.17,41.61,48.23,54.86,62.8,"79,400","86,560","100,310","114,100","130,620",,
47940,"Waterloo-Cedar Falls, IA",4,IA,29-1141,Registered Nurses,"1,960",2.2,22.934,1.08,,,34.83,"72,440",0.7,28.53,29.64,33.5,38.87,42.57,"59,340","61,660","69,680","80,840","88,540",,
48060,"Watertown-Fort Drum, NY",4,NY,29-1141,Registered Nurses,840,4.7,21.509,1.01,,,45.77,"95,210",1.2,34.91,40.25,48.53,50.1,57.94,"72,610","83,720","100,950","104,210","120,510",,
48140,"Wausau, WI",4,WI,29-1141,Registered Nurses,"1,570",2.2,22.502,1.06,,,40.4,"84,030",0.6,34.03,36.77,37.99,44.08,48.56,"70,790","76,480","79,030","91,680","101,010",,
48260,"Weirton-Steubenville, WV-OH",4,WV,29-1141,Registered Nurses,"1,250",2.1,33.936,1.59,,,36.22,"75,340",1,29.14,31.22,36.72,40.78,42.9,"60,620","64,940","76,380","84,810","89,240",,
48300,"Wenatchee-East Wenatchee, WA",4,WA,29-1141,Registered Nurses,"1,340",0.9,25.923,1.22,,,52.11,"108,390",0.4,41.2,46.56,52.09,56.77,64.65,"85,700","96,850","108,350","118,080","134,470",,
48540,"Wheeling, WV-OH",4,WV,29-1141,Registered Nurses,"1,460",3.3,24.797,1.16,,,37.24,"77,460",0.7,29.55,32.79,36.73,42.31,46.86,"61,450","68,200","76,400","88,000","97,460",,
48620,"Wichita, KS",4,KS,29-1141,Registered Nurses,"7,290",2.5,23.749,1.12,,,36.06,"74,990",0.9,27.79,30.42,35.48,38.92,46.47,"57,800","63,270","73,790","80,950","96,660",,
48660,"Wichita Falls, TX",4,TX,29-1141,Registered Nurses,"1,450",4.1,25.638,1.2,,,39.86,"82,910",0.6,30.07,35.26,38.28,48.2,48.2,"62,550","73,340","79,620","100,250","100,250",,
48680,"Wildwood-The Villages, FL",4,FL,29-1141,Registered Nurses,940,2.6,23.713,1.11,,,43.34,"90,150",0.9,30.35,32.5,39.16,42.25,58.23,"63,130","67,600","81,440","87,890","121,120",,
48700,"Williamsport, PA",4,PA,29-1141,Registered Nurses,"1,250",2.6,24.894,1.17,,,43.09,"89,630",1.7,33.83,38.8,41.36,46.68,51.25,"70,370","80,700","86,020","97,090","106,590",,
48900,"Wilmington, NC",4,NC,29-1141,Registered Nurses,"4,400",2.9,23.549,1.11,,,39.17,"81,470",1.3,30.78,36.04,36.4,47.04,47.04,"64,020","74,960","75,710","97,850","97,850",,
49020,"Winchester, VA-WV",4,VA,29-1141,Registered Nurses,"1,580",1.4,23.108,1.09,,,44.15,"91,830",0.5,32.08,39.21,43.88,48.78,61.21,"66,720","81,550","91,280","101,450","127,310",,
49180,"Winston-Salem, NC",4,NC,29-1141,Registered Nurses,"8,950",0.7,32.726,1.54,,,42.11,"87,590",0.2,33.2,35.86,40.51,48.32,52.08,"69,050","74,590","84,270","100,510","108,320",,
49340,"Worcester, MA",4,MA,29-1141,Registered Nurses,"9,730",1.8,27.636,1.3,,,52.69,"109,590",0.6,36.12,41.4,49.76,65.08,73.05,"75,130","86,120","103,490","135,360","151,940",,
49420,"Yakima, WA",4,WA,29-1141,Registered Nurses,"1,480",2.6,15.016,0.71,,,51.84,"107,830",0.4,39.29,45.5,47.23,61.72,74.12,"81,730","94,640","98,240","128,370","154,180",,
49620,"York-Hanover, PA",4,PA,29-1141,Registered Nurses,"3,700",2.9,20.225,0.95,,,42.96,"89,350",1.7,32.48,37.31,41.25,47.58,53.02,"67,560","77,600","85,800","98,970","110,290",,
49660,"Youngstown-Warren, OH",4,OH,29-1141,Registered Nurses,"4,060",2.1,25.328,1.19,,,37.42,"77,840",0.8,30.04,35.28,36.47,40,45.27,"62,480","73,380","75,850","83,200","94,160",,
49700,"Yuba City, CA",4,CA,29-1141,Registered Nurses,"1,070",1.6,21.107,0.99,,,70.42,"146,470",1.1,46.37,62.04,69.34,82.79,82.79,"96,450","129,050","144,220","172,200","172,200",,
49740,"Yuma, AZ",4,AZ,29-1141,Registered Nurses,"1,710",4.2,24.801,1.17,,,40.7,"84,650",0.9,27.93,35.55,44.23,46.09,46.82,"58,100","73,940","92,010","95,870","97,390",,
